Player,Tm,FantPos,Age,G,GS,Cmp,Att,Yds,TD,Int,Att,Yds,Y/A,TD,Tgt,Rec,Yds,Y/R,TD,2PM,2PP,FantPt,PPR,DKPt,FDPt,VBD,PosRank,OvRank
Ryan Fitzpatrick,TAM,QB,36,2,2,48,61,819,8,1,13,35,2.69,1,0,0,0,,0,,,72,72,76.3,73.3,33,1,1
Tyreek Hill,KAN,WR,24,2,2,0,0,0,0,0,2,4,2.00,0,14,12,259,21.58,3,,,50,62,65.3,56.3,32,1,2
Todd Gurley,LAR,RB,24,2,2,0,0,0,0,0,39,150,3.85,3,8,6,70,11.67,1,2,,50,56,59.0,53.0,30,1,3
Patrick Mahomes,KAN,QB,23,2,2,38,55,582,10,0,10,39,3.90,0,0,0,0,,0,,,67,67,70.2,67.2,28,2,4
DeSean Jackson,TAM,WR,32,2,2,0,0,0,0,0,0,0,,0,9,9,275,30.56,3,,,46,55,57.5,50.0,27,2,5
Alvin Kamara,NOR,RB,23,2,2,0,0,0,0,0,21,75,3.57,2,18,15,165,11.00,1,2,,46,61,64.0,53.5,26,2,6
Carlos Hyde,CLE,RB,28,3,2,0,0,0,0,0,61,203,3.33,4,6,4,15,3.75,0,,,46,50,52.8,47.8,26,3,7
James Conner,PIT,RB,23,2,2,0,0,0,0,0,39,152,3.90,3,11,10,105,10.50,0,1,,44,54,60.7,48.7,24,4,8
Isaiah Crowell,NYJ,RB,25,3,0,0,0,0,0,0,38,171,4.50,4,6,4,21,5.25,0,,,43,47,50.2,45.2,24,6,9
Melvin Gordon,LAC,RB,25,2,2,0,0,0,0,0,24,92,3.83,1,20,15,140,9.33,2,1,,43,58,61.2,50.7,24,5,10
Michael Thomas,NOR,WR,25,2,2,0,0,0,0,0,0,0,,0,30,28,269,9.61,3,,,41,69,73.9,54.9,22,3,11
A.J. Green,CIN,WR,30,2,2,0,0,0,0,0,0,0,,0,17,11,161,14.64,4,,,38,49,53.1,43.6,19,4,12
Stefon Diggs,MIN,WR,25,2,2,0,0,0,0,0,2,9,4.50,0,19,12,171,14.25,3,1,,38,50,53.0,44.0,19,5,13
Kirk Cousins,MIN,QB,30,2,2,55,84,669,6,1,6,31,5.17,0,0,0,0,,0,,1,54,54,57.9,54.9,14,3,14
Mike Evans,TAM,WR,25,2,2,0,0,0,0,0,0,0,,0,19,17,230,13.53,2,,,33,50,54.0,41.5,14,6,15
Will Dissly,SEA,TE,22,2,2,0,0,0,0,0,0,0,,0,10,6,147,24.50,2,,,27,33,35.7,29.7,13,1,16
Philip Rivers,LAC,QB,37,2,2,57,78,680,6,1,3,5,1.67,0,0,0,0,,0,,1,52,52,55.7,52.7,12,4,17
Jesse James,PIT,TE,24,2,2,0,0,0,0,0,0,0,,0,10,8,198,24.75,1,,,26,34,36.8,29.8,12,2,18
JuJu Smith-Schuster,PIT,WR,22,2,1,0,0,0,0,0,0,0,,0,27,18,240,13.33,1,,,30,48,51.0,39.0,11,7,19
Jarvis Landry,CLE,WR,26,3,2,0,0,0,0,0,0,0,,0,37,20,278,13.90,0,,1,30,50,52.8,39.8,11,8,20
Adam Thielen,MIN,WR,28,2,2,0,0,0,0,0,0,0,,0,25,18,233,12.94,1,,,29,47,50.3,38.3,11,9,21
Emmanuel Sanders,DEN,WR,31,2,2,0,0,0,0,0,0,0,,0,15,14,231,16.50,1,,,29,43,46.1,36.1,10,10,22
Joe Mixon,CIN,RB,22,2,2,0,0,0,0,0,38,179,4.71,1,8,6,57,9.50,0,,,30,36,38.6,32.6,10,7,23
Saquon Barkley,NYG,RB,21,2,2,0,0,0,0,0,29,134,4.62,1,22,16,102,6.38,0,,,30,46,51.6,37.6,10,8,24
Ezekiel Elliott,DAL,RB,23,2,2,0,0,0,0,0,32,147,4.59,2,10,8,26,3.25,0,,,29,37,40.3,33.3,10,9,25
Drew Brees,NOR,QB,39,2,2,65,80,682,5,0,1,-1,-1.00,0,0,0,0,,0,,1,49,49,52.2,49.2,10,5,26
Travis Kelce,KAN,TE,29,2,2,0,0,0,0,0,0,0,,0,16,8,115,14.38,2,,,24,32,34.5,27.5,9,3,27
Jay Ajayi,PHI,RB,25,2,1,0,0,0,0,0,22,85,3.86,3,1,1,4,4.00,0,1,,29,30,29.9,29.4,9,10,28
Austin Ekeler,LAC,RB,23,2,0,0,0,0,0,0,16,116,7.25,0,8,8,108,13.50,1,,,28,36,42.4,32.4,9,11,29
Jared Cook,OAK,TE,31,2,2,0,0,0,0,0,0,0,,0,16,13,229,17.62,0,,,23,36,38.9,29.4,9,4,30
Chris Thompson,WAS,RB,28,2,0,0,0,0,0,0,9,66,7.33,0,21,19,155,8.16,1,,,28,47,50.1,37.6,9,12,31
Ben Roethlisberger,PIT,QB,36,2,2,62,101,787,4,3,5,25,5.00,1,0,0,0,,0,,1,48,48,56.0,51.0,8,6,32
Quincy Enunwa,NYJ,WR,26,3,3,0,0,0,0,0,0,0,,0,29,17,212,12.47,1,,,27,44,47.2,35.7,8,11,33
Davante Adams,GNB,WR,26,2,2,0,0,0,0,0,0,0,,0,20,13,152,11.69,2,,,27,40,43.2,33.7,8,12,34
Bilal Powell,NYJ,RB,30,3,3,0,0,0,0,0,31,139,4.48,0,9,6,79,13.17,1,,,28,34,36.8,30.8,8,13,35
Phillip Lindsay,DEN,RB,24,2,0,0,0,0,0,0,29,178,6.14,0,4,3,35,11.67,1,,,27,30,33.3,28.8,8,14,36
Kenny Golladay,DET,WR,25,2,2,0,0,0,0,0,0,0,,0,21,13,203,15.62,1,,,26,39,42.3,32.8,8,13,37
Matt Breida,SFO,RB,23,2,1,0,0,0,0,0,22,184,8.36,1,6,4,26,6.50,0,,,27,31,34.0,29.0,7,15,38
John Brown,BAL,WR,28,2,2,0,0,0,0,0,1,1,1.00,0,14,7,136,19.43,2,,,26,33,35.7,29.2,7,14,39
Golden Tate,DET,WR,30,2,0,0,0,0,0,0,1,9,9.00,0,28,14,188,13.43,1,,,26,40,42.7,32.7,7,15,40
O.J. Howard,TAM,TE,24,2,2,0,0,0,0,0,0,0,,0,6,5,150,30.00,1,,,21,26,29.0,23.5,7,5,41
Brandin Cooks,LAR,WR,25,2,2,0,0,0,0,0,1,6,6.00,0,17,12,246,20.50,0,,,25,37,40.2,31.2,6,16,42
Cam Newton,CAR,QB,29,2,2,49,71,496,3,1,18,100,5.56,1,0,0,0,,0,,,46,46,52.8,46.8,6,7,43
Blake Bortles,JAX,QB,26,2,2,47,78,552,5,2,10,77,7.70,0,0,0,0,,0,,,46,46,50.8,47.8,6,8,44
T.Y. Hilton,IND,WR,29,2,2,0,0,0,0,0,0,0,,0,22,12,129,10.75,2,,,25,37,39.9,30.9,6,17,45
Adrian Peterson,WAS,RB,33,2,2,0,0,0,0,0,37,116,3.14,1,6,5,100,20.00,0,,,26,31,37.6,28.1,6,16,46
Julio Jones,ATL,WR,29,2,2,0,0,0,0,0,1,11,11.00,0,28,15,233,15.53,0,,,24,39,42.4,31.9,6,18,47
Eric Ebron,IND,TE,25,2,1,0,0,0,0,0,0,0,,0,9,7,77,11.00,2,,,20,27,26.7,23.2,6,6,48
Kenny Stills,MIA,WR,26,2,2,0,0,0,0,0,0,0,,0,8,6,123,20.50,2,,,24,30,33.3,27.3,6,19,49
DeAndre Hopkins,HOU,WR,26,2,2,0,0,0,0,0,1,-7,-7.00,0,22,14,188,13.43,1,,,24,38,41.1,31.1,5,20,50
Tyler Lockett,SEA,WR,26,2,2,0,0,0,0,0,0,0,,0,11,8,119,14.88,2,,,24,32,34.9,27.9,5,21,51
Keenan Allen,LAC,WR,26,2,2,0,0,0,0,0,0,0,,0,19,14,175,12.50,1,,,24,38,40.5,30.5,5,22,52
Randall Cobb,GNB,WR,28,2,2,0,0,0,0,0,0,0,,0,16,13,172,13.23,1,,,23,36,39.2,29.7,4,23,53
Keelan Cole,JAX,WR,25,2,2,0,0,0,0,0,0,0,,0,12,10,170,17.00,1,,,23,33,36.0,28.0,4,24,54
Marshawn Lynch,OAK,RB,32,2,2,0,0,0,0,0,29,106,3.66,2,3,4,11,2.75,0,,,24,28,30.7,25.7,4,17,55
Rob Gronkowski,NWE,TE,29,2,2,0,0,0,0,0,0,0,,0,12,9,138,15.33,1,,,18,27,30.8,22.3,4,7,56
Andy Dalton,CIN,QB,31,2,2,45,70,508,6,1,2,8,4.00,0,0,0,0,,0,,,43,43,47.1,44.1,4,9,57
Tevin Coleman,ATL,RB,25,2,1,0,0,0,0,0,25,126,5.04,1,6,5,44,8.80,0,,,23,28,31.0,25.5,3,18,58
Antonio Brown,PIT,WR,30,2,2,0,0,0,0,0,0,0,,0,33,18,160,8.89,1,,,22,40,43.0,31.0,3,25,59
Chris Godwin,TAM,WR,22,2,0,0,0,0,0,0,0,0,,0,10,8,97,12.13,2,,,22,30,29.7,25.7,3,26,60
Christian McCaffrey,CAR,RB,22,2,2,0,0,0,0,0,18,87,4.83,0,24,20,147,7.35,0,,,21,41,45.4,31.4,2,19,61
Dion Lewis,TEN,RB,28,2,0,0,0,0,0,0,30,117,3.90,1,9,6,36,6.00,0,,,21,27,30.3,24.3,2,20,62
Nelson Agholor,PHI,WR,25,2,2,1,1,15,0,0,2,18,9.00,0,22,16,121,7.56,1,,,21,37,39.5,28.5,2,27,63
Tyrod Taylor,CLE,QB,29,3,3,41,84,462,2,2,16,125,7.81,1,0,0,0,,0,,,41,41,49.0,43.0,1,10,64
Aaron Rodgers,GNB,QB,35,2,2,50,72,567,4,0,4,23,5.75,0,0,0,0,,0,,,41,41,44.0,41.0,1,11,65
Geronimo Allison,GNB,WR,24,2,2,0,0,0,0,0,0,0,,0,14,11,133,12.09,1,,,19,30,33.3,24.8,1,28,66
T.J. Yeldon,JAX,RB,25,2,1,0,0,0,0,0,24,109,4.54,0,12,5,31,6.20,1,,,20,25,28.0,22.5,,21,67
James White,NWE,RB,26,2,0,0,0,0,0,0,9,29,3.22,0,17,11,111,10.09,1,,,20,31,34.0,25.5,,22,68
Evan Engram,NYG,TE,24,2,2,0,0,0,0,0,0,0,,0,12,9,85,9.44,1,,,15,24,23.5,19.0,,8,69
Cooper Kupp,LAR,WR,25,2,2,0,0,0,0,0,2,16,8.00,0,15,11,115,10.45,1,,,19,30,33.1,24.6,,29,70
Austin Hooper,ATL,TE,24,2,0,0,0,0,0,0,0,0,,0,9,8,83,10.38,1,,,14,22,22.3,18.3,,11,71
Kyle Rudolph,MIN,TE,29,2,2,0,0,0,0,0,0,0,,0,10,8,83,10.38,1,,,14,22,22.3,18.3,,9,72
Jordan Reed,WAS,TE,28,2,1,0,0,0,0,0,0,0,,0,13,10,103,10.30,1,,,14,24,28.3,19.3,,10,73
Shane Smith,NYG,,25,2,0,0,0,0,0,0,0,0,,0,0,0,0,,0,,,,,,,,4,74
Kenyan Drake,MIA,RB,24,2,2,0,0,0,0,0,25,101,4.04,1,8,7,35,5.00,0,,,20,27,29.6,23.1,,24,75
Joe Flacco,BAL,QB,33,2,2,57,89,612,5,2,5,11,2.20,0,0,0,0,,0,,,40,40,45.6,41.6,,12,76
Jay Prosch,HOU,,26,0,0,0,0,0,0,0,0,0,,0,0,0,0,,0,,,,,,,,8,77
Javorius Allen,BAL,RB,27,2,0,0,0,0,0,0,10,25,2.50,2,13,10,51,5.10,0,,,20,30,29.6,24.6,,23,78
Matt Ryan,ATL,QB,33,2,2,44,71,523,2,2,6,26,4.33,2,0,0,0,,0,,,40,40,44.5,41.5,,13,
Tom Brady,NWE,QB,41,2,2,50,74,511,5,1,4,12,3.00,0,0,0,0,,0,,,38,38,42.6,38.6,,14,
Jared Goff,LAR,QB,24,2,2,42,65,587,3,1,3,1,0.33,0,0,0,0,,0,,1,36,36,39.6,36.6,,15,
Russell Wilson,SEA,QB,30,2,2,41,69,524,5,3,5,22,4.40,0,0,0,0,,0,,,35,35,42.2,38.2,,16,
Case Keenum,DEN,QB,30,2,2,44,74,551,3,4,3,16,5.33,1,0,0,0,,0,,,34,34,40.6,37.6,,18,
Deshaun Watson,HOU,QB,23,2,2,39,66,486,3,2,13,84,6.46,0,0,0,0,,0,,,34,34,39.8,35.8,,17,
Alex Smith,WAS,QB,34,2,2,54,76,547,2,0,12,28,2.33,0,0,0,0,,0,,,33,33,35.7,32.7,,20,
Matthew Stafford,DET,QB,30,2,2,61,99,633,4,4,2,14,7.00,0,0,0,0,,0,,,33,33,40.7,36.7,,19,
Andrew Luck,IND,QB,29,2,2,60,84,498,4,3,5,9,1.80,0,0,0,0,,0,,,31,31,36.8,33.8,,21,
Ryan Tannehill,MIA,QB,30,2,2,37,51,398,4,2,12,48,4.00,0,0,0,0,,0,,,31,31,36.7,32.7,,22,
Sam Darnold,NYJ,QB,21,3,3,56,93,701,3,5,8,0,0.00,0,0,0,0,,0,,,30,30,38.0,35.0,,23,
Mitch Trubisky,CHI,QB,24,2,2,48,69,371,2,2,12,56,4.67,1,0,0,0,,0,,,28,28,34.4,30.4,,24,
Jimmy Garoppolo,SFO,QB,27,2,2,33,59,467,3,3,5,10,2.00,0,0,0,0,,0,,,26,26,31.7,28.7,,25,
Dak Prescott,DAL,QB,25,2,2,35,54,330,1,0,12,64,5.33,0,0,0,0,,0,1,,24,24,27.6,23.6,,26,
Derek Carr,OAK,QB,27,2,2,58,72,591,1,3,2,1,0.50,0,0,0,0,,0,,,22,22,27.7,24.7,,27,
Eli Manning,NYG,QB,37,2,2,56,81,503,1,1,4,6,1.50,0,0,0,0,,0,,,21,21,25.7,21.7,,28,
Nick Foles,PHI,QB,29,2,2,54,82,451,1,1,4,7,1.75,0,1,1,10,10.00,0,,,20,21,25.7,21.2,,29,
Josh Allen,BUF,QB,22,2,1,24,48,319,1,2,12,58,4.83,0,0,0,0,,0,,,19,19,23.6,20.6,,30,
Ted Ginn,NOR,WR,33,2,1,0,0,0,0,0,1,5,5.00,0,13,9,123,13.67,1,1,,19,28,31.8,23.3,,30,
Kareem Hunt,KAN,RB,23,2,2,0,0,0,0,0,34,124,3.65,0,2,1,5,5.00,1,,,19,20,22.9,19.4,,25,
Dede Westbrook,JAX,WR,25,2,0,0,0,0,0,0,1,-6,-6.00,0,11,9,133,14.78,1,,,19,28,30.7,23.2,,31,
Tyler Boyd,CIN,WR,24,2,2,0,0,0,0,0,0,0,,0,14,9,117,13.00,1,,,18,27,29.7,22.2,,32,
Jordan Howard,CHI,RB,24,2,2,0,0,0,0,0,29,117,4.03,0,9,8,58,7.25,0,,,18,26,28.5,21.5,,28,
David Johnson,ARI,RB,27,2,2,0,0,0,0,0,22,85,3.86,1,11,6,33,5.50,0,,,18,24,23.8,20.8,,27,
Lamar Miller,HOU,RB,27,2,2,0,0,0,0,0,34,166,4.88,0,4,3,13,4.33,0,,,18,21,23.9,19.4,,26,
Antonio Callaway,CLE,WR,21,3,2,0,0,0,0,0,2,7,3.50,0,15,7,101,14.43,1,,,17,24,26.8,20.3,,37,
Corey Clement,PHI,RB,24,2,0,0,0,0,0,0,11,56,5.09,1,6,5,55,11.00,0,,,17,22,22.1,19.6,,29,
Dalvin Cook,MIN,RB,23,2,2,0,0,0,0,0,26,78,3.00,0,12,9,107,11.89,0,,,17,26,29.5,21.0,,30,
Phillip Dorsett,NWE,WR,25,2,1,0,0,0,0,0,0,0,,0,14,12,110,9.17,1,,,17,29,32.0,23.0,,35,
Will Fuller,HOU,WR,24,1,1,0,0,0,0,0,0,0,,0,9,8,113,14.13,1,,,17,25,28.3,21.3,,33,
Chris Hogan,NWE,WR,30,2,0,0,0,0,0,0,0,0,,0,10,4,53,13.25,2,,,17,21,21.3,19.3,,34,
Marvin Jones,DET,WR,28,2,2,0,0,0,0,0,0,0,,0,17,8,108,13.50,1,,,17,25,27.8,20.8,,36,
Mike Williams,LAC,WR,24,2,1,0,0,0,0,0,0,0,,0,8,7,108,15.43,1,,,17,24,26.8,20.3,,38,
Tavon Austin,DAL,RB,28,2,0,0,0,0,0,0,2,16,8.00,0,2,2,79,39.50,1,,,16,18,17.5,16.5,,32,
Odell Beckham,NYG,WR,26,2,2,0,0,0,0,0,1,-1,-1.00,0,24,15,162,10.80,0,,,16,31,34.1,23.6,,40,
Royce Freeman,DEN,RB,22,2,2,0,0,0,0,0,23,99,4.30,1,1,0,0,,0,,,16,16,15.9,15.9,,31,
Dante Pettis,SFO,WR,23,2,1,0,0,0,0,0,0,0,,0,7,3,96,32.00,1,,,16,19,18.6,17.1,,42,
Terrelle Pryor,NYJ,WR,29,3,0,0,0,0,0,0,0,0,,0,14,8,158,19.75,0,,,16,24,26.8,19.8,,41,
Willie Snead,BAL,WR,26,2,1,0,0,0,0,0,0,0,,0,14,9,103,11.44,1,,,16,25,28.3,20.8,,39,
Alex Collins,BAL,RB,24,2,2,0,0,0,0,0,16,48,3.00,1,5,4,61,15.25,0,,,15,19,19.9,16.9,,33,
Michael Crabtree,BAL,WR,31,2,2,0,0,0,0,0,0,0,,0,16,8,94,11.75,1,,,15,23,23.4,19.4,,43,
Brandon Marshall,SEA,WR,34,2,1,0,0,0,0,0,0,0,,0,12,7,90,12.86,1,,,15,22,22.0,18.5,,45,
Sammy Watkins,KAN,WR,25,2,2,0,0,0,0,0,1,31,31.00,0,12,9,121,13.44,0,,,15,24,27.2,19.7,,44,
Jarius Wright,CAR,WR,29,2,1,0,0,0,0,0,0,0,,0,12,8,85,10.63,1,,,15,23,22.5,18.5,,46,
Bruce Ellington,HOU,WR,27,2,1,0,0,0,0,0,0,0,,0,11,7,82,11.71,1,,,14,21,21.2,17.7,,49,
Zach Ertz,PHI,TE,28,2,2,0,0,0,0,0,0,0,,0,23,16,142,8.88,0,,,14,30,33.2,22.2,,12,
Allen Robinson,CHI,WR,25,2,1,0,0,0,0,0,0,0,,0,21,14,144,10.29,0,,,14,28,31.4,21.4,,47,
Demaryius Thomas,DEN,WR,31,2,2,0,0,0,0,0,0,0,,0,21,11,81,7.36,1,,,14,25,25.1,19.6,,50,
Albert Wilson,MIA,WR,26,2,0,0,0,0,0,0,4,15,3.75,0,9,6,68,11.33,1,,,14,20,20.3,17.3,,48,
Alfred Blue,HOU,RB,27,2,0,0,0,0,0,0,12,72,6.00,1,0,0,0,,0,,,13,13,13.2,13.2,,34,
Amari Cooper,OAK,WR,24,2,2,0,0,0,0,0,1,9,9.00,0,13,11,125,11.36,0,,,13,24,27.4,18.9,,51,
Jakeem Grant,MIA,WR,26,2,1,0,0,0,0,0,1,5,5.00,0,11,7,65,9.29,0,,,13,20,20.0,16.5,,52,
Calvin Ridley,ATL,WR,24,2,0,0,0,0,0,0,1,3,3.00,0,7,4,64,16.00,1,,,13,17,16.7,14.7,,53,
Jordan Wilkins,IND,RB,24,2,1,0,0,0,0,0,24,101,4.21,0,5,5,24,4.80,0,,,13,18,20.5,15.0,,35,
Corey Davis,TEN,WR,23,2,2,0,0,0,0,0,0,0,,0,20,11,117,10.64,0,,,12,23,25.7,17.2,,58,
Devin Funchess,CAR,WR,24,2,2,0,0,0,0,0,0,0,,0,14,10,118,11.80,0,,,12,22,24.8,16.8,,56,
Blaine Gabbert,TEN,QB,29,2,1,24,42,234,1,1,2,2,1.00,0,0,0,0,,0,,,12,12,12.6,12.6,,31,
Rashard Higgins,CLE,WR,24,3,0,0,0,0,0,0,0,0,,0,14,9,117,13.00,0,,,12,21,23.7,16.2,,57,
Nyheim Hines,IND,RB,22,2,0,0,0,0,0,0,9,26,2.89,1,10,8,31,3.88,0,,,12,20,19.7,15.7,,37,
D.J. Moore,CAR,WR,21,2,0,0,0,0,0,0,2,10,5.00,0,2,1,51,51.00,1,,,12,13,13.1,12.6,,55,
Jamaal Williams,GNB,RB,23,2,2,0,0,0,0,0,31,106,3.42,0,6,3,12,4.00,0,,,12,15,17.8,13.3,,36,
Tyrell Williams,LAC,WR,26,2,2,0,0,0,0,0,0,0,,0,8,5,56,11.20,1,,,12,17,16.6,14.1,,59,
Robert Woods,LAR,WR,26,2,2,0,0,0,0,0,1,6,6.00,0,18,9,118,13.11,0,,,12,21,24.4,16.9,,54,
Mark Andrews,BAL,TE,22,2,1,0,0,0,0,0,0,0,,0,8,6,48,8.00,1,,,11,17,16.8,13.8,,15,
Frank Gore,MIA,RB,35,2,2,0,0,0,0,0,18,86,4.78,0,1,1,19,19.00,0,,,11,12,11.5,11.0,,38,
George Kittle,SFO,TE,25,2,2,0,0,0,0,0,0,0,,0,13,7,112,16.00,0,,,11,18,21.2,14.7,,13,
Donte Moncrief,JAX,WR,25,2,2,0,0,0,0,0,0,0,,0,14,5,48,9.60,1,,,11,16,15.8,13.3,,62,
Seth Roberts,OAK,WR,27,2,0,0,0,0,0,0,0,0,,0,6,4,54,13.50,1,,,11,15,15.4,13.4,,60,
Austin Seferian-Jenkins,JAX,TE,26,2,2,0,0,0,0,0,0,0,,0,10,6,48,8.00,1,,,11,17,16.8,13.8,,14,
Torrey Smith,CAR,WR,29,2,2,0,0,0,0,0,0,0,,0,9,4,48,12.00,1,,,11,15,14.8,12.8,,61,
Robby Anderson,NYJ,WR,25,3,2,0,0,0,0,0,1,-9,-9.00,0,10,6,90,15.00,1,,,10,16,18.1,13.1,,64,
Peyton Barber,TAM,RB,24,2,2,0,0,0,0,0,35,91,2.60,0,2,1,7,7.00,0,,,10,11,10.8,10.3,,43,
Trey Burton,CHI,TE,27,2,2,0,0,0,0,0,1,2,2.00,0,10,5,35,7.00,1,,,10,15,14.7,12.2,,17,
Kenneth Dixon,BAL,RB,24,1,0,0,0,0,0,0,13,44,3.38,1,0,0,0,,0,,,10,10,10.4,10.4,,39,
Larry Fitzgerald,ARI,WR,35,2,2,0,0,0,0,0,0,0,,0,15,10,104,10.40,0,,,10,20,23.4,15.4,,63,
Jimmy Graham,GNB,TE,32,2,2,0,0,0,0,0,0,0,,0,12,8,103,12.88,0,,,10,18,21.3,14.3,,16,
Chris Ivory,BUF,RB,30,2,0,0,0,0,0,0,5,10,2.00,1,2,1,30,30.00,0,,,10,11,11.0,10.5,,41,
Kerryon Johnson,DET,RB,21,2,0,0,0,0,0,0,13,60,4.62,0,9,8,43,5.38,0,,,10,18,18.3,14.3,,40,
Baker Mayfield,CLE,QB,23,1,0,17,23,201,0,0,2,-2,-1.00,0,0,0,0,,0,1,,10,10,9.8,9.8,,32,
Alfred Morris,SFO,RB,30,2,1,0,0,0,0,0,26,86,3.31,0,2,2,32,16.00,0,,,10,12,12.8,10.8,,42,
Anthony Sherman,KAN,RB,30,2,0,0,0,0,0,0,0,0,,0,1,1,36,36.00,1,,,10,11,10.6,10.1,,44,
Laquon Treadwell,MIN,WR,23,2,1,0,0,0,0,0,0,0,,0,10,4,41,10.25,1,,,10,14,14.1,12.1,,65,
Cole Beasley,DAL,WR,29,2,1,0,0,0,0,0,0,0,,0,11,9,86,9.56,0,,,9,18,17.6,13.1,,70,
Kelvin Benjamin,BUF,WR,27,2,2,0,0,0,0,0,0,0,,0,10,3,29,9.67,1,,,9,12,11.9,10.4,,67,
Malcolm Brown,LAR,RB,25,2,0,0,0,0,0,0,13,51,3.92,0,3,2,18,9.00,0,1,,9,11,10.9,9.9,,47,
Rex Burkhead,NWE,RB,28,2,2,0,0,0,0,0,24,86,3.58,0,3,1,5,5.00,0,,,9,10,10.1,9.6,,45,
Ryan Grant,IND,WR,28,2,1,0,0,0,0,0,0,0,,0,11,10,89,8.90,0,,,9,19,18.9,13.9,,68,
Derrick Henry,TEN,RB,24,2,2,1,1,8,0,0,28,82,2.93,0,1,1,5,5.00,0,,,9,10,10.0,9.5,,46,
Zay Jones,BUF,WR,23,2,2,0,0,0,0,0,0,0,,0,9,5,89,17.80,0,,,9,14,13.9,11.4,,69,
LeSean McCoy,BUF,RB,30,2,2,0,0,0,0,0,16,61,3.81,0,7,5,28,5.60,0,,,9,14,13.9,11.4,,48,
Anthony Miller,CHI,WR,24,2,0,0,0,0,0,0,0,0,,0,6,4,25,6.25,1,,,9,13,12.5,10.5,,71,
Paul Richardson,WAS,WR,26,2,2,0,0,0,0,0,0,0,,0,12,8,85,10.63,0,,,9,17,16.5,12.5,,72,
Taywan Taylor,TEN,WR,23,2,0,0,0,0,0,0,0,0,,0,5,3,32,10.67,1,,,9,12,12.2,10.7,,66,
Jake Butt,DEN,TE,23,2,2,0,0,0,0,0,0,0,,0,10,6,77,12.83,0,,,8,14,13.7,10.7,,20,
Chris Carson,SEA,RB,24,2,2,0,0,0,0,0,13,75,5.77,0,6,3,28,9.33,0,,,8,11,12.3,9.8,,49,
Garrett Celek,SFO,TE,30,2,0,0,0,0,0,0,0,0,,0,2,2,22,11.00,1,,,8,10,10.2,9.2,,18,
A.J. Derby,MIA,TE,27,2,0,0,0,0,0,0,0,0,,0,2,1,19,19.00,1,,,8,9,8.9,8.4,,19,
Pierre Garcon,SFO,WR,32,2,2,0,0,0,0,0,0,0,,0,10,6,78,13.00,0,,,8,14,13.8,10.8,,73,
Josh Gordon,CLE,WR,27,1,1,0,0,0,0,0,0,0,,0,3,1,17,17.00,1,,,8,9,8.7,8.2,,74,
Virgil Green,LAC,TE,30,2,2,0,0,0,0,0,0,0,,0,5,5,76,15.20,0,,,8,13,12.6,10.1,,21,
Jalen Richard,OAK,RB,25,2,0,0,0,0,0,0,7,27,3.86,0,11,9,55,6.11,0,,,8,17,17.2,12.7,,50,
Theo Riddick,DET,RB,27,2,0,0,0,0,0,0,4,20,5.00,0,19,14,62,4.43,0,,,8,22,22.2,15.2,,51,
Michael Roberts,DET,TE,24,2,1,0,0,0,0,0,0,0,,0,1,1,15,15.00,1,,,8,9,8.5,8.0,,22,
C.J. Anderson,CAR,RB,27,2,1,0,0,0,0,0,10,66,6.60,0,2,0,0,,0,,,7,7,6.6,6.6,,59,
Alex Armah,CAR,RB,24,2,0,0,0,0,0,0,2,5,2.50,1,0,0,0,,0,,,7,7,6.5,6.5,,60,
Nick Boyle,BAL,TE,25,2,1,0,0,0,0,0,0,0,,0,10,5,66,13.20,0,,,7,12,11.6,9.1,,26,
Tarik Cohen,CHI,RB,23,2,1,0,0,0,0,0,9,33,3.67,0,5,4,33,8.25,0,,,7,11,10.6,8.6,,58,
Chris Conley,KAN,WR,26,2,2,0,0,0,0,0,0,0,,0,3,3,32,10.67,1,,,7,10,11.2,8.7,,76,
Jamison Crowder,WAS,WR,25,2,2,0,0,0,0,0,2,29,14.50,0,8,5,40,8.00,0,,,7,12,11.9,9.4,,79,
Chase Edmonds,ARI,RB,22,2,0,0,0,0,0,0,5,29,5.80,0,9,9,39,4.33,0,,,7,16,15.8,11.3,,56,
Tyler Eifert,CIN,TE,28,2,0,0,0,0,0,0,0,0,,0,7,5,67,13.40,0,,,7,12,11.7,9.2,,25,
Taylor Gabriel,CHI,WR,27,2,1,0,0,0,0,0,3,17,5.67,0,12,9,55,6.11,0,,,7,16,16.2,11.7,,77,
Corey Grant,JAX,RB,27,2,0,0,0,0,0,0,5,16,3.20,0,7,6,56,9.33,0,,,7,13,13.2,10.2,,53,
Duke Johnson,CLE,RB,25,3,1,0,0,0,0,0,10,29,2.90,0,10,5,39,7.80,0,,,7,12,11.8,9.3,,55,
Kyle Juszczyk,SFO,RB,27,2,2,0,0,0,0,0,0,0,,0,6,4,69,17.25,0,,,7,11,10.9,8.9,,54,
Ty Montgomery,GNB,RB,25,2,0,0,0,0,0,0,7,38,5.43,0,5,3,30,10.00,0,,,7,10,9.8,8.3,,57,
David Njoku,CLE,TE,22,3,3,0,0,0,0,0,0,0,,0,16,9,69,7.67,0,,,7,16,15.9,11.4,,24,
Rashaad Penny,SEA,RB,22,2,0,0,0,0,0,0,17,38,2.24,0,7,4,35,8.75,0,,,7,11,11.3,9.3,,52,
John Ross,CIN,WR,24,2,1,0,0,0,0,0,1,-3,-3.00,0,6,2,11,5.50,1,,,7,9,8.8,7.8,,80,
Sterling Shepard,NYG,WR,25,2,2,0,0,0,0,0,0,0,,0,12,8,72,9.00,0,,,7,15,15.2,11.2,,78,
James Washington,PIT,WR,22,2,1,0,0,0,0,0,0,0,,0,5,1,14,14.00,1,,,7,8,8.4,7.9,,75,
Maxx Williams,BAL,TE,24,2,1,0,0,0,0,0,1,7,7.00,0,6,6,63,10.50,0,,,7,13,13.0,10.0,,23,
Danny Amendola,MIA,WR,33,2,2,0,0,0,0,0,0,0,,0,10,8,58,7.25,0,,,6,14,13.8,9.8,,87,
Kendrick Bourne,SFO,WR,23,2,0,0,0,0,0,0,0,0,,0,2,1,4,4.00,1,,,6,7,7.4,6.9,,81,
Jack Doyle,IND,TE,28,2,2,0,0,0,0,0,0,0,,0,15,9,80,8.89,0,,,6,15,16.0,10.5,,29,
Leonard Fournette,JAX,RB,23,1,1,0,0,0,0,0,9,41,4.56,0,3,3,14,4.67,0,,,6,9,8.5,7.0,,62,
Tyler Higbee,LAR,TE,25,2,2,0,0,0,0,0,0,0,,0,2,1,3,3.00,1,,,6,7,7.3,6.8,,28,
Darius Jennings,TEN,,26,2,0,0,0,0,0,0,0,0,,0,0,0,0,,0,,,6,6,6.0,6.0,,86,
Latavius Murray,MIN,RB,28,2,0,0,0,0,0,0,15,61,4.07,0,0,0,0,,0,,,6,6,6.1,6.1,,61,
Joshua Perkins,PHI,TE,25,2,0,0,0,0,0,0,0,0,,0,6,4,57,14.25,0,,,6,10,9.7,7.7,,30,
Andre Roberts,NYJ,WR,30,3,0,0,0,0,0,0,1,2,2.00,0,0,0,0,,0,,,6,6,6.2,6.2,,83,
Demarcus Robinson,KAN,WR,24,2,0,0,0,0,0,0,0,0,,0,1,1,3,3.00,1,,,6,7,7.3,6.8,,82,
Deonte Thompson,DAL,WR,29,2,2,0,0,0,0,0,0,0,,0,10,7,60,8.57,0,,,6,13,13.0,9.5,,85,
De'Anthony Thomas,KAN,WR,25,2,0,0,0,0,0,0,0,0,,0,2,1,1,1.00,1,,,6,7,7.1,6.6,,84,
Ben Watson,NOR,TE,38,2,2,0,0,0,0,0,0,0,,0,9,7,63,9.00,0,,,6,13,13.3,9.8,,27,
Giovani Bernard,CIN,RB,27,2,0,0,0,0,0,0,7,25,3.57,0,8,5,26,5.20,0,,,5,10,10.1,7.6,,64,
Josh Doctson,WAS,WR,26,2,2,0,0,0,0,0,0,0,,0,10,5,48,9.60,0,,,5,10,9.8,7.3,,90,
Devonta Freeman,ATL,RB,26,1,1,0,0,0,0,0,6,36,6.00,0,5,3,14,4.67,0,,,5,8,8.0,6.5,,65,
Lamar Jackson,BAL,QB,21,2,0,1,4,24,0,0,9,45,5.00,0,0,0,0,,0,,,5,5,5.5,5.5,,33,
Jordy Nelson,OAK,WR,33,2,2,0,0,0,0,0,0,0,,0,8,5,53,10.60,0,,,5,10,10.3,7.8,,89,
Ito Smith,ATL,RB,23,2,0,0,0,0,0,0,9,46,5.11,0,1,1,8,8.00,0,,,5,6,6.4,5.9,,63,
Luke Stocker,TEN,TE,30,2,1,0,0,0,0,0,0,0,,0,4,4,52,13.00,0,,,5,9,9.2,7.2,,31,
Courtland Sutton,DEN,WR,23,2,0,0,0,0,0,0,0,0,,0,11,3,54,18.00,0,,,5,8,8.4,6.9,,88,
Eric Tomlinson,NYJ,TE,26,3,3,0,0,0,0,0,0,0,,0,5,3,45,15.00,0,,,5,8,7.5,6.0,,34,
C.J. Uzomah,CIN,TE,25,2,2,0,0,0,0,0,0,0,,0,5,4,49,12.25,0,,,5,9,8.9,6.9,,33,
Delanie Walker,TEN,TE,34,1,1,0,0,0,0,0,0,0,,0,7,4,52,13.00,0,,,5,9,9.2,7.2,,32,
Kamar Aiken,PHI,WR,29,1,1,0,0,0,0,0,0,0,,0,6,5,39,7.80,0,,,4,9,8.9,6.4,,94,
Sam Bradford,ARI,QB,31,2,2,37,61,243,0,2,2,7,3.50,0,0,0,0,,0,,,4,4,7.4,6.4,,34,
Jaron Brown,SEA,WR,28,2,0,0,0,0,0,0,0,0,,0,6,4,43,10.75,0,,,4,8,8.3,6.3,,91,
Nick Chubb,CLE,RB,23,3,0,0,0,0,0,0,7,41,5.86,0,0,0,0,,0,,,4,4,4.1,4.1,,69,
Antonio Gates,LAC,TE,38,2,0,0,0,0,0,0,0,0,,0,4,2,16,8.00,0,1,,4,6,5.6,4.6,,36,
Jacob Hollister,NWE,WR,25,1,1,0,0,0,0,0,0,0,,0,3,3,35,11.67,0,,,4,7,6.5,5.0,,97,
Adam Humphries,TAM,WR,25,2,1,0,0,0,0,0,0,0,,0,7,4,35,8.75,0,,,4,8,7.5,5.5,,96,
Cody Latimer,NYG,WR,26,2,0,0,0,0,0,0,0,0,,0,3,2,41,20.50,0,,,4,6,6.1,5.1,,93,
Marlon Mack,IND,RB,22,1,1,0,0,0,0,0,10,34,3.40,0,2,1,2,2.00,0,,,4,5,4.6,4.1,,72,
Doug Martin,OAK,RB,29,2,0,0,0,0,0,0,11,44,4.00,0,3,3,-3,-1.00,0,,,4,7,7.1,5.6,,68,
Sony Michel,NWE,RB,23,1,0,0,0,0,0,0,10,34,3.40,0,2,1,7,7.00,0,,,4,5,5.1,4.6,,70,
Marcus Murphy,BUF,RB,27,2,0,0,0,0,0,0,9,37,4.11,0,7,1,7,7.00,0,,,4,5,5.4,4.9,,66,
Cordarrelle Patterson,NWE,WR,27,2,1,0,0,0,0,0,4,18,4.50,0,6,4,24,6.00,0,,,4,8,8.2,6.2,,92,
Jacquizz Rodgers,TAM,RB,28,2,0,0,0,0,0,0,7,14,2.00,0,4,4,25,6.25,0,,,4,8,7.9,5.9,,71,
Chester Rogers,IND,WR,24,2,1,0,0,0,0,0,0,0,,0,6,6,35,5.83,0,,,4,10,9.5,6.5,,95,
Ricky Seals-Jones,ARI,TE,23,2,2,0,0,0,0,0,0,0,,0,12,7,36,5.14,0,,,4,11,10.6,7.1,,35,
Spencer Ware,KAN,RB,27,2,0,0,0,0,0,0,4,35,8.75,0,1,1,8,8.00,0,,,4,5,5.3,4.8,,67,
Jordan Akins,HOU,TE,26,2,0,0,0,0,0,0,0,0,,0,4,4,32,8.00,0,,,3,7,7.2,5.2,,39,
LeGarrette Blount,DET,RB,32,2,2,0,0,0,0,0,12,35,2.92,0,1,1,-3,-3.00,0,,,3,4,4.2,3.7,,75,
Devontae Booker,DEN,RB,26,2,0,0,0,0,0,0,5,21,4.20,0,2,2,11,5.50,0,,,3,5,5.2,4.2,,74,
Martavis Bryant,OAK,WR,27,1,1,0,0,0,0,0,0,0,,0,3,4,30,7.50,0,,,3,7,7.0,5.0,,104,
Derek Carrier,OAK,TE,28,2,1,0,0,0,0,0,0,0,,0,5,3,25,8.33,0,,,3,6,5.5,4.0,,49,
Charles Clay,BUF,TE,29,2,2,0,0,0,0,0,0,0,,0,5,2,29,14.50,0,,,3,5,4.9,3.9,,42,
Jason Croom,BUF,TE,24,2,0,0,0,0,0,0,0,0,,0,7,4,25,6.25,0,,,3,7,6.5,4.5,,50,
Darren Fells,CLE,TE,32,3,3,0,0,0,0,0,0,0,,0,3,3,27,9.00,0,,,3,6,5.7,4.2,,44,
Robert Foster,BUF,WR,24,2,0,0,0,0,0,0,0,0,,0,5,2,30,15.00,0,,,3,5,5.0,4.0,,103,
Marvin Hall,ATL,WR,25,2,0,0,0,0,0,0,0,0,,0,1,1,30,30.00,0,,,3,4,4.0,3.5,,102,
Christopher Herndon,NYJ,TE,22,3,2,0,0,0,0,0,0,0,,0,6,4,29,7.25,0,,,3,7,6.9,4.9,,41,
Jeff Heuerman,DEN,TE,26,2,2,0,0,0,0,0,0,0,,0,4,3,25,8.33,0,,,3,6,5.5,4.0,,48,
Jeremy Hill,NWE,RB,26,1,0,0,0,0,0,0,4,25,6.25,0,1,1,6,6.00,0,,,3,4,4.1,3.6,,76,
Allen Hurns,DAL,WR,27,2,1,0,0,0,0,0,0,0,,0,5,2,29,14.50,0,,,3,5,4.9,3.9,,105,
Jermaine Kearse,NYJ,WR,28,2,0,0,0,0,0,0,0,0,,0,8,4,34,8.50,0,,,3,7,7.4,5.4,,98,
Christian Kirk,ARI,WR,22,2,0,0,0,0,0,0,0,0,,0,7,5,31,6.20,0,,,3,8,8.1,5.6,,101,
Vance McDonald,PIT,TE,28,1,0,0,0,0,0,0,0,0,,0,5,3,26,8.67,0,,,3,6,5.6,4.1,,47,
David Morgan,MIN,TE,25,2,1,0,0,0,0,0,0,0,,0,3,3,28,9.33,0,,,3,6,5.8,4.3,,43,
Greg Olsen,CAR,TE,33,1,1,0,0,0,0,0,0,0,,0,2,2,33,16.50,0,,,3,5,5.3,4.3,,38,
Tim Patrick,DEN,WR,25,2,0,0,0,0,0,0,0,0,,0,4,1,26,26.00,0,,,3,4,3.6,3.1,,108,
Mohamed Sanu,ATL,WR,29,2,2,0,0,0,0,0,1,-4,-4.00,0,8,6,37,6.17,0,,,3,9,9.3,6.3,,99,
Tajae Sharpe,TEN,WR,24,2,2,0,0,0,0,0,0,0,,0,5,2,31,15.50,0,,,3,5,5.1,4.1,,100,
Darren Sproles,PHI,RB,35,1,1,0,0,0,0,0,5,10,2.00,0,7,4,22,5.50,0,,,3,7,7.2,5.2,,73,
Neal Sterling,NYJ,TE,26,2,2,0,0,0,0,0,0,0,,0,3,3,27,9.00,0,,,3,6,5.7,4.2,,45,
Ryan Switzer,2TM,WR,24,2,0,0,0,0,0,0,3,13,4.33,0,3,1,14,14.00,0,,,3,4,3.7,3.2,,107,
Trent Taylor,SFO,WR,24,2,0,0,0,0,0,0,0,0,,0,8,4,28,7.00,0,,,3,7,6.8,4.8,,106,
Jordan Thomas,HOU,TE,22,2,1,0,0,0,0,0,0,0,,0,5,1,27,27.00,0,,,3,4,3.7,3.2,,46,
Logan Thomas,BUF,TE,27,2,0,0,0,0,0,0,0,0,,0,3,2,31,15.50,0,,,3,5,5.1,4.1,,40,
Nick Vannett,SEA,TE,25,2,2,0,0,0,0,0,0,0,,0,7,4,34,8.50,0,,,3,7,7.4,5.4,,37,
Travis Benjamin,LAC,WR,29,1,0,0,0,0,0,0,1,19,19.00,0,5,1,1,1.00,0,,,2,3,3.0,2.5,,110,
Trenton Cannon,NYJ,RB,24,3,0,0,0,0,0,0,6,15,2.50,0,1,1,6,6.00,0,,,2,3,3.1,2.6,,81,
Austin Carr,NOR,WR,25,2,1,0,0,0,0,0,0,0,,0,3,2,20,10.00,0,,,2,4,4.0,3.0,,109,
Vernon Davis,WAS,TE,34,2,1,0,0,0,0,0,0,0,,0,2,2,16,8.00,0,,,2,4,3.6,2.6,,60,
James Develin,NWE,RB,30,2,1,0,0,0,0,0,0,0,,0,5,4,22,5.50,0,,,2,6,6.2,4.2,,79,
Patrick DiMarco,BUF,RB,29,2,1,0,0,0,0,0,0,0,,0,1,1,24,24.00,0,,,2,3,3.4,2.9,,77,
Rhett Ellison,NYG,TE,30,2,2,0,0,0,0,0,0,0,,0,3,3,21,7.00,0,,,2,5,5.1,3.6,,52,
Gerald Everett,LAR,TE,24,2,0,0,0,0,0,0,0,0,,0,2,1,17,17.00,0,,,2,3,2.7,2.2,,58,
Wayne Gallman,NYG,RB,24,2,0,0,0,0,0,0,2,1,0.50,0,3,3,20,6.67,0,,,2,5,5.1,3.6,,80,
Ryan Griffin,HOU,TE,28,2,2,0,0,0,0,0,0,0,,0,6,1,19,19.00,0,,,2,3,2.9,2.4,,55,
Josh Hill,NOR,TE,28,2,1,0,0,0,0,0,0,0,,0,2,2,20,10.00,0,,,2,4,4.0,3.0,,53,
Lance Kendricks,GNB,TE,30,2,0,0,0,0,0,0,0,0,,0,2,2,17,8.50,0,,,2,4,3.7,2.7,,59,
Tyler Kroft,CIN,TE,26,2,1,0,0,0,0,0,0,0,,0,3,3,20,6.67,0,,,2,5,5.0,3.5,,54,
Marcus Mariota,TEN,QB,25,1,1,9,16,103,0,2,3,15,5.00,0,0,0,0,,0,,,2,2,3.6,3.6,,35,
Chris Moore,BAL,WR,25,2,0,0,0,0,0,0,1,2,2.00,0,4,3,14,4.67,0,,,2,5,4.6,3.1,,114,
Roosevelt Nix,PIT,RB,26,2,0,0,0,0,0,0,0,0,,0,1,1,19,19.00,0,,,2,3,2.9,2.4,,82,
James O'Shaughnessy,JAX,TE,26,2,0,0,0,0,0,0,0,0,,0,3,1,17,17.00,0,,,2,3,2.7,2.2,,57,
Zach Pascal,IND,WR,24,2,0,0,0,0,0,0,0,0,,0,1,1,18,18.00,0,,,2,3,2.8,2.3,,111,
Niles Paul,JAX,TE,29,2,0,0,0,0,0,0,0,0,,0,2,1,22,22.00,0,,,2,3,3.2,2.7,,51,
C.J. Prosise,SEA,RB,24,2,0,0,0,0,0,0,0,0,,0,3,3,22,7.33,0,,,2,5,5.2,3.7,,78,
Tre'Quan Smith,NOR,WR,22,2,1,0,0,0,0,0,0,0,,0,2,1,18,18.00,0,,,2,3,2.8,2.3,,112,
Geoff Swaim,DAL,TE,25,2,2,0,0,0,0,0,0,0,,0,4,3,18,6.00,0,,,2,5,4.8,3.3,,56,
Terrance Williams,DAL,WR,29,2,1,0,0,0,0,0,0,0,,0,3,2,18,9.00,0,,,2,4,3.8,2.8,,113,
Shaun Wilson,TAM,RB,23,2,0,0,0,0,0,0,2,15,7.50,0,0,0,0,,0,,,2,2,1.5,1.5,,83,
Josh Bellamy,CHI,WR,29,2,0,0,0,0,0,0,0,0,,0,1,1,6,6.00,0,,,1,2,1.6,1.1,,121,
Michael Burton,CHI,RB,26,1,1,0,0,0,0,0,0,0,,0,1,1,6,6.00,0,,,1,2,1.6,1.1,,94,
DeAndre Carter,PHI,WR,25,2,1,0,0,0,0,0,0,0,,0,1,1,10,10.00,0,,,1,2,2.0,1.5,,117,
Tyler Conklin,MIN,TE,23,2,0,0,0,0,0,0,0,0,,0,1,1,6,6.00,0,,,1,2,1.6,1.1,,69,
Tyler Ervin,HOU,RB,25,2,0,0,0,0,0,0,0,0,,0,1,1,12,12.00,0,,,1,2,2.2,1.7,,85,
Michael Gallup,DAL,WR,22,2,0,0,0,0,0,0,0,0,,0,3,2,14,7.00,0,,,1,3,3.4,2.4,,115,
Mike Gesicki,MIA,TE,23,2,1,0,0,0,0,0,0,0,,0,2,1,11,11.00,0,,,1,2,2.1,1.6,,65,
Mike Gillislee,2TM,RB,28,2,0,0,0,0,0,0,11,27,2.45,0,0,0,0,,0,,,1,1,1.7,0.7,,92,
C.J. Ham,MIN,RB,25,2,0,0,0,0,0,0,1,5,5.00,0,2,0,0,,0,,,1,1,0.5,0.5,,96,
Andre Holmes,BUF,WR,30,2,0,0,0,0,0,0,0,0,,0,5,1,14,14.00,0,,,1,2,2.4,1.9,,116,
Justin Hunter,PIT,WR,27,1,0,0,0,0,0,0,0,0,,0,5,1,6,6.00,0,,,1,2,1.6,1.1,,122,
Andy Janovich,DEN,RB,25,2,0,0,0,0,0,0,0,0,,0,1,1,11,11.00,0,,,1,2,2.1,1.6,,86,
T.J. Jones,DET,WR,26,2,0,0,0,0,0,0,0,0,,0,3,1,6,6.00,0,,,1,2,1.6,1.1,,120,
Robert Kelley,WAS,RB,26,2,0,0,0,0,0,0,4,8,2.00,0,0,0,0,,0,,,1,1,0.8,0.8,,90,
Jeremy Kerley,BUF,WR,30,1,1,0,0,0,0,0,0,0,,0,4,2,7,3.50,0,,,1,3,2.7,1.7,,119,
Tre Madden,SEA,RB,25,2,0,0,0,0,0,0,0,0,,0,1,1,7,7.00,0,,,1,2,1.7,1.2,,93,
Rishard Matthews,TEN,WR,29,2,0,0,0,0,0,0,0,0,,0,4,2,8,4.00,0,,,1,3,2.8,1.8,,118,
Christine Michael,IND,RB,28,1,0,0,0,0,0,0,2,9,4.50,0,0,0,0,,0,,,1,1,0.9,0.9,,89,
Logan Paulsen,ATL,TE,31,2,2,0,0,0,0,0,0,0,,0,1,1,10,10.00,0,,,1,2,2.0,1.5,,66,
Stevan Ridley,PIT,RB,29,2,0,0,0,0,0,0,1,2,2.00,0,1,1,5,5.00,0,,,1,2,1.7,1.2,,91,
Dion Sims,CHI,TE,27,2,2,0,0,0,0,0,0,0,,0,3,2,9,4.50,0,,,1,3,2.9,1.9,,67,
Wendell Smallwood,PHI,RB,24,2,0,0,0,0,0,0,7,28,4.00,0,1,1,2,2.00,0,,,1,2,3.0,1.5,,87,
Jonnu Smith,TEN,TE,23,2,2,0,0,0,0,0,0,0,,0,3,1,12,12.00,0,,,1,2,2.2,1.7,,64,
Keith Smith,OAK,RB,26,2,0,0,0,0,0,0,0,0,,0,3,2,12,6.00,0,,,1,3,3.2,2.2,,84,
Rod Smith,DAL,RB,26,2,0,0,0,0,0,0,1,5,5.00,0,1,0,0,,0,,,1,1,0.5,0.5,,95,
Jonathan Stewart,NYG,RB,31,2,0,0,0,0,0,0,4,9,2.25,0,0,0,0,,0,,,1,1,0.9,0.9,,88,
Erik Swoope,IND,TE,26,1,0,0,0,0,0,0,0,0,,0,1,1,13,13.00,0,,,1,2,2.3,1.8,,62,
Ian Thomas,CAR,TE,22,2,1,0,0,0,0,0,0,0,,0,5,4,14,3.50,0,,,1,5,5.4,3.4,,61,
Levine Toilolo,DET,TE,27,2,1,0,0,0,0,0,0,0,,0,1,1,7,7.00,0,,,1,2,1.7,1.2,,68,
Hakeem Valles,DET,TE,26,1,0,0,0,0,0,0,0,0,,0,2,1,5,5.00,0,,,1,2,1.5,1.0,,70,
Luke Willson,DET,TE,28,2,1,0,0,0,0,0,0,0,,0,2,1,13,13.00,0,,,1,2,2.3,1.8,,63,
Ameer Abdullah,DET,,25,0,0,0,0,0,0,0,0,0,,0,0,0,0,,0,,,,,,,,142,
Jerell Adams,NYG,,26,0,0,0,0,0,0,0,0,0,,0,0,0,0,,0,,,,,,,,82,
Dwayne Allen,NWE,,28,2,2,0,0,0,0,0,0,0,,0,0,0,0,,0,,,,,,,,97,
Jace Amaro,KAN,,26,0,0,0,0,0,0,0,0,0,,0,0,0,0,,0,,,,,,,,75,
Stephen Anderson,HOU,,25,0,0,0,0,0,0,0,0,0,,0,0,0,0,,0,,,,,,,,88,
Cameron Artis-Payne,CAR,,28,1,0,0,0,0,0,0,0,0,,0,0,0,0,,0,,,,,,,,103,
Matt Barkley,CIN,,28,0,0,0,0,0,0,0,0,0,,0,0,0,0,,0,,,,,,,,50,
Kenjon Barner,CAR,,28,0,0,0,0,0,0,0,0,0,,0,0,0,0,,0,,,,,,,,105,
Evan Baylis,CAR,,25,0,0,0,0,0,0,0,0,0,,0,0,0,0,,0,,,,,,,,105,
Blake Bell,MIN,,27,0,0,0,0,0,0,0,0,0,,0,0,0,0,,0,,,,,,,,101,
Le'Veon Bell,PIT,,26,0,0,0,0,0,0,0,0,0,,0,0,0,0,,0,,,,,,,,118,
Kapri Bibbs,WAS,,25,0,0,0,0,0,0,0,0,0,,0,0,0,0,,0,,,,,,,,130,
Tommy Bohanon,JAX,,28,2,2,0,0,0,0,0,0,0,,0,0,0,0,,0,,,,,,,,7,
Brandon Bolden,2TM,,28,2,0,0,0,0,0,0,0,0,,0,0,0,0,,0,,,,,,,,143,
Victor Bolden,SFO,,23,0,0,0,0,0,0,0,0,0,,0,0,0,0,,0,,,,,,,,138,
Braedon Bowman,LAC,,24,0,0,0,0,0,0,0,0,0,,0,0,0,0,,0,,,,,,,,102,
Ben Braunecker,CHI,,24,2,0,0,0,0,0,0,0,0,,0,0,0,0,,0,,,,,,,,86,
Quan Bray,HOU,,25,0,0,0,0,0,0,0,0,0,,0,0,0,0,,0,,,,,,,,189,
Tyler Bray,CHI,,27,0,0,0,0,0,0,0,0,0,,0,0,0,0,,0,,,,,,,,64,
Teddy Bridgewater,NYJ,,26,0,0,0,0,0,0,0,0,0,,0,0,0,0,,0,,,,,,,,43,
Daniel Brown,CHI,,26,1,0,0,0,0,0,0,0,0,,0,0,0,0,,0,,,,,,,,150,
Marlon Brown,CHI,,27,0,0,0,0,0,0,0,0,0,,0,0,0,0,,0,,,,,,,,166,
Aaron Burbridge,SFO,,25,0,0,0,0,0,0,0,0,0,,0,0,0,0,,0,,,,,,,,175,
Brice Butler,ARI,,28,0,0,0,0,0,0,0,0,0,,0,0,0,0,,0,,,,,,,,192,
Travaris Cadet,BUF,,29,0,0,0,0,0,0,0,0,0,,0,0,0,0,,0,,,,,,,,115,
Leonte Carroo,MIA,,24,0,0,0,0,0,0,0,0,0,,0,0,0,0,,0,,,,,,,,152,
Cethan Carter,CIN,,25,0,0,0,0,0,0,0,0,0,,0,0,0,0,,0,,,,,,,,84,
Orson Charles,CLE,,27,3,0,0,0,0,0,0,0,0,,0,1,0,0,,0,,,,,,,,90,
Jehu Chesson,2TM,,25,1,0,0,0,0,0,0,0,0,,0,1,0,0,,0,,,,,,,,148,
Sammie Coates,HOU,,25,1,0,0,0,0,0,0,0,0,,0,1,0,0,,0,,,,,,,,176,
Derrick Coleman,ARI,RB,28,2,1,0,0,0,0,0,1,1,1.00,0,0,0,0,,0,,,,,0.1,0.1,,102,
Stacy Coley,MIN,,24,2,0,0,0,0,0,0,0,0,,0,1,0,0,,0,,,,,,,,139,
Pharoh Cooper,LAR,,23,1,0,0,0,0,0,0,0,0,,0,0,0,0,,0,,,,,,,,201,
Cody Core,CIN,,24,0,0,0,0,0,0,0,0,0,,0,0,0,0,,0,,,,,,,,177,
Alan Cross,TAM,,25,2,1,0,0,0,0,0,0,0,,0,1,0,0,,0,,,,,,,,115,
Sean Culkin,LAC,,25,2,1,0,0,0,0,0,0,0,,0,0,0,0,,0,,,,,,,,91,
Benny Cunningham,CHI,,28,2,0,0,0,0,0,0,0,0,,0,0,0,0,,0,,,,,,,,135,
Chase Daniel,CHI,,32,0,0,0,0,0,0,0,0,0,,0,0,0,0,,0,,,,,,,,53,
Darrell Daniels,2TM,,24,2,0,0,0,0,0,0,0,0,,0,0,0,0,,0,,,,,,,,103,
Austin Davis,SEA,,29,0,0,0,0,0,0,0,0,0,,0,0,0,0,,0,,,,,,,,61,
Geremy Davis,LAC,,26,1,0,0,0,0,0,0,0,0,,0,0,0,0,,0,,,,,,,,202,
Justin Davis,LAR,,23,1,0,0,0,0,0,0,0,0,,0,0,0,0,,0,,,,,,,,120,
Knile Davis,CHI,,27,0,0,0,0,0,0,0,0,0,,0,0,0,0,,0,,,,,,,,141,
Mike Davis,SEA,RB,25,1,0,0,0,0,0,0,3,3,1.00,0,1,1,-1,-1.00,0,,,,1,1.2,0.7,,100,
Matthew Dayes,CLE,,24,0,0,0,0,0,0,0,0,0,,0,0,0,0,,0,,,,,,,,132,
Anthony Denham,PHI,,27,0,0,0,0,0,0,0,0,0,,0,0,0,0,,0,,,,,,,,87,
Seth Devalve,CLE,,25,1,1,0,0,0,0,0,0,0,,0,0,0,0,,0,,,,,,,,104,
Donteea Dye,TAM,,25,0,0,0,0,0,0,0,0,0,,0,0,0,0,,0,,,,,,,,203,
Julian Edelman,NWE,,32,0,0,0,0,0,0,0,0,0,,0,0,0,0,,0,,,,,,,,159,
Trey Edmunds,NOR,,24,0,0,0,0,0,0,0,0,0,,0,0,0,0,,0,,,,,,,,106,
Gavin Escobar,MIA,,27,0,0,0,0,0,0,0,0,0,,0,0,0,0,,0,,,,,,,,72,
David Fales,MIA,,28,0,0,0,0,0,0,0,0,0,,0,0,0,0,,0,,,,,,,,38,
Kenneth Farrow,NWE,,25,0,0,0,0,0,0,0,0,0,,0,0,0,0,,0,,,,,,,,137,
Josh Ferguson,IND,,25,0,0,0,0,0,0,0,0,0,,0,0,0,0,,0,,,,,,,,133,
Michael Floyd,NOR,,29,0,0,0,0,0,0,0,0,0,,0,0,0,0,,0,,,,,,,,153,
David Fluellen,TEN,,26,2,0,0,0,0,0,0,0,0,,0,0,0,0,,0,,,,,,,,125,
D.J. Foster,ARI,,25,0,0,0,0,0,0,0,0,0,,0,0,0,0,,0,,,,,,,,139,
Bennie Fowler,CHI,,27,0,0,0,0,0,0,0,0,0,,0,0,0,0,,0,,,,,,,,140,
Jalston Fowler,ATL,,28,0,0,0,0,0,0,0,0,0,,0,0,0,0,,0,,,,,,,,6,
Tanner Gentry,CHI,,24,0,0,0,0,0,0,0,0,0,,0,0,0,0,,0,,,,,,,,194,
Garrett Gilbert,CAR,,27,0,0,0,0,0,0,0,0,0,,0,0,0,0,,0,,,,,,,,48,
Mike Glennon,ARI,,29,0,0,0,0,0,0,0,0,0,,0,0,0,0,,0,,,,,,,,39,
Dallas Goedert,PHI,TE,23,2,0,0,0,0,0,0,0,0,,0,3,1,4,4.00,0,,,,1,1.4,0.9,,71,
Marquise Goodwin,SFO,,28,1,1,0,0,0,0,0,0,0,,0,1,0,0,,0,,,,,,,,125,
Garrett Grayson,ATL,,27,0,0,0,0,0,0,0,0,0,,0,0,0,0,,0,,,,,,,,45,
MarQueis Gray,MIA,,29,0,0,0,0,0,0,0,0,0,,0,0,0,0,,0,,,,,,,,113,
Rashad Greene,JAX,,26,0,0,0,0,0,0,0,0,0,,0,0,0,0,,0,,,,,,,,126,
Robert Griffin,BAL,,28,0,0,0,0,0,0,0,0,0,,0,0,0,0,,0,,,,,,,,52,
Ryan Griffin,TAM,,29,0,0,0,0,0,0,0,0,0,,0,0,0,0,,0,,,,,,,,62,
Xavier Grimble,PIT,,26,2,1,0,0,0,0,0,0,0,,0,0,0,0,,0,,,,,,,,73,
Cobi Hamilton,IND,,28,0,0,0,0,0,0,0,0,0,,0,0,0,0,,0,,,,,,,,195,
Chad Hansen,NYJ,,23,0,0,0,0,0,0,0,0,0,,0,0,0,0,,0,,,,,,,,155,
Russell Hansbrough,LAC,,25,0,0,0,0,0,0,0,0,0,,0,0,0,0,,0,,,,,,,,127,
Justin Hardy,ATL,,27,2,0,0,0,0,0,0,0,0,,0,0,0,0,,0,,,,,,,,184,
Justin Hardee,NOR,,24,2,0,0,0,0,0,0,0,0,,0,0,0,0,,0,,,,,,,,204,
Clark Harris,CIN,,34,2,0,0,0,0,0,0,0,0,,0,0,0,0,,0,,,,,,,,110,
Demetrius Harris,KAN,,27,1,0,0,0,0,0,0,0,0,,0,0,0,0,,0,,,,,,,,85,
Temarrick Hemingway,LAR,,25,0,0,0,0,0,0,0,0,0,,0,0,0,0,,0,,,,,,,,80,
De'Angelo Henderson,DEN,,26,0,0,0,0,0,0,0,0,0,,0,0,0,0,,0,,,,,,,,128,
Chad Henne,KAN,,33,0,0,0,0,0,0,0,0,0,,0,0,0,0,,0,,,,,,,,46,
Ryan Hewitt,2TM,,27,1,0,0,0,0,0,0,0,0,,0,1,0,0,,0,,,,,,,,5,
Darrius Heyward-Bey,PIT,,31,2,0,0,0,0,0,0,0,0,,0,0,0,0,,0,,,,,,,,185,
Mack Hollins,PHI,,25,0,0,0,0,0,0,0,0,0,,0,0,0,0,,0,,,,,,,,186,
Johnny Holton,OAK,,27,0,0,0,0,0,0,0,0,0,,0,0,0,0,,0,,,,,,,,196,
Brian Hoyer,NWE,,33,0,0,0,0,0,0,0,0,0,,0,0,0,0,,0,,,,,,,,57,
Josh Huff,NOR,,27,0,0,0,0,0,0,0,0,0,,0,0,0,0,,0,,,,,,,,168,
Mark Ingram,NOR,,29,0,0,0,0,0,0,0,0,0,,0,0,0,0,,0,,,,,,,,108,
Darius Jackson,2TM,,25,2,0,0,0,0,0,0,0,0,,0,0,0,0,,0,,,,,,,,110,
Jeff Janis,CLE,,27,0,0,0,0,0,0,0,0,0,,0,0,0,0,,0,,,,,,,,179,
Alshon Jeffery,PHI,,28,0,0,0,0,0,0,0,0,0,,0,0,0,0,,0,,,,,,,,144,
Charles Johnson,NYJ,,29,0,0,0,0,0,0,0,0,0,,0,0,0,0,,0,,,,,,,,198,
Malcolm Johnson,SFO,,26,0,0,0,0,0,0,0,0,0,,0,0,0,0,,0,,,,,,,,2,
Marcus Johnson,2TM,,24,1,0,0,0,0,0,0,0,0,,0,0,0,0,,0,,,,,,,,160,
Aaron Jones,GNB,,24,0,0,0,0,0,0,0,0,0,,0,0,0,0,,0,,,,,,,,123,
Landry Jones,PIT,,29,0,0,0,0,0,0,0,0,0,,0,0,0,0,,0,,,,,,,,63,
Matt Jones,PHI,,25,0,0,0,0,0,0,0,0,0,,0,0,0,0,,0,,,,,,,,124,
Tavarres King,MIN,,28,0,0,0,0,0,0,0,0,0,,0,0,0,0,,0,,,,,,,,169,
Ben Koyack,JAX,,25,0,0,0,0,0,0,0,0,0,,0,0,0,0,,0,,,,,,,,78,
Matt LaCosse,DEN,,26,2,0,0,0,0,0,0,0,0,,0,1,0,0,,0,,,,,,,,81,
Brandon LaFell,OAK,,32,1,0,0,0,0,0,0,0,0,,0,0,0,0,,0,,,,,,,,187,
Jake Lampman,TAM,,25,0,0,0,0,0,0,0,0,0,,0,0,0,0,,0,,,,,,,,180,
Jeremy Langford,MIA,,27,0,0,0,0,0,0,0,0,0,,0,0,0,0,,0,,,,,,,,112,
Khari Lee,BUF,,26,0,0,0,0,0,0,0,0,0,,0,0,0,0,,0,,,,,,,,83,
Marqise Lee,JAX,,27,0,0,0,0,0,0,0,0,0,,0,0,0,0,,0,,,,,,,,161,
Jordan Leslie,DEN,,27,0,0,0,0,0,0,0,0,0,,0,0,0,0,,0,,,,,,,,164,
Marcedes Lewis,GNB,,34,2,0,0,0,0,0,0,0,0,,0,1,0,0,,0,,,,,,,,96,
Roger Lewis,NYG,,25,0,0,0,0,0,0,0,0,0,,0,0,0,0,,0,,,,,,,,188,
Tommylee Lewis,NOR,,26,2,0,0,0,0,0,0,0,0,,0,0,0,0,,0,,,,,,,,205,
Zach Line,NOR,RB,28,2,0,0,0,0,0,0,0,0,,0,2,1,4,4.00,0,,,,1,1.4,0.9,,97,
Tony Lippett,MIA,,26,0,0,0,0,0,0,0,0,0,,0,0,0,0,,0,,,,,,,,162,
Greg Little,ARI,,29,0,0,0,0,0,0,0,0,0,,0,0,0,0,,0,,,,,,,,191,
Ricardo Louis,CLE,,24,0,0,0,0,0,0,0,0,0,,0,0,0,0,,0,,,,,,,,174,
Terrence Magee,ATL,,25,0,0,0,0,0,0,0,0,0,,0,0,0,0,,0,,,,,,,,114,
Sean Mannion,LAR,,26,0,0,0,0,0,0,0,0,0,,0,0,0,0,,0,,,,,,,,54,
EJ Manuel,OAK,,28,0,0,0,0,0,0,0,0,0,,0,0,0,0,,0,,,,,,,,59,
Bradley Marquez,DET,,26,1,0,0,0,0,0,0,0,0,,0,0,0,0,,0,,,,,,,,137,
Freddie Martino,TAM,,27,2,0,0,0,0,0,0,0,0,,0,1,0,0,,0,,,,,,,,156,
Vince Mayle,BAL,,27,0,0,0,0,0,0,0,0,0,,0,0,0,0,,0,,,,,,,,163,
Tre McBride,NYJ,,26,0,0,0,0,0,0,0,0,0,,0,0,0,0,,0,,,,,,,,145,
A.J. McCarron,BUF,,28,0,0,0,0,0,0,0,0,0,,0,0,0,0,,0,,,,,,,,49,
Max McCaffrey,SFO,,24,0,0,0,0,0,0,0,0,0,,0,0,0,0,,0,,,,,,,,151,
Colt McCoy,WAS,,32,0,0,0,0,0,0,0,0,0,,0,0,0,0,,0,,,,,,,,42,
Josh McCown,NYJ,,39,0,0,0,0,0,0,0,0,0,,0,0,0,0,,0,,,,,,,,41,
Tanner McEvoy,3TM,,25,2,0,0,0,0,0,0,0,0,,0,0,0,0,,0,,,,,,,,131,
Matt McGloin,KAN,,29,0,0,0,0,0,0,0,0,0,,0,0,0,0,,0,,,,,,,,60,
Sean McGrath,DET,,31,0,0,0,0,0,0,0,0,0,,0,0,0,0,,0,,,,,,,,93,
Isaiah McKenzie,DEN,,23,0,0,0,0,0,0,0,0,0,,0,0,0,0,,0,,,,,,,,199,
Jerick McKinnon,SFO,,26,0,0,0,0,0,0,0,0,0,,0,0,0,0,,0,,,,,,,,140,
Cameron Meredith,NOR,,26,0,0,0,0,0,0,0,0,0,,0,0,0,0,,0,,,,,,,,146,
Braxton Miller,HOU,,26,0,0,0,0,0,0,0,0,0,,0,0,0,0,,0,,,,,,,,181,
Zach Miller,CHI,,34,0,0,0,0,0,0,0,0,0,,0,0,0,0,,0,,,,,,,,98,
Raheem Mostert,SFO,,26,2,0,0,0,0,0,0,0,0,,0,0,0,0,,0,,,,,,,,144,
JJ Nelson,ARI,,26,2,0,0,0,0,0,0,0,0,,0,1,0,0,,0,,,,,,,,165,
Detrez Newsome,LAC,RB,24,2,0,0,0,0,0,0,1,0,0.00,0,0,0,0,,0,,,,,,,,119,
Jamize Olawale,DAL,,29,2,1,0,0,0,0,0,0,0,,0,0,0,0,,0,,,,,,,,1,
Nick O'Leary,BUF,,26,0,0,0,0,0,0,0,0,0,,0,0,0,0,,0,,,,,,,,99,
Branden Oliver,IND,,27,0,0,0,0,0,0,0,0,0,,0,0,0,0,,0,,,,,,,,138,
Ryan O'Malley,NYG,,25,0,0,0,0,0,0,0,0,0,,0,0,0,0,,0,,,,,,,,94,
Brock Osweiler,MIA,,28,0,0,0,0,0,0,0,0,0,,0,0,0,0,,0,,,,,,,,55,
Brian Parker,DEN,,26,0,0,0,0,0,0,0,0,0,,0,0,0,0,,0,,,,,,,,89,
DeVante Parker,MIA,,25,0,0,0,0,0,0,0,0,0,,0,0,0,0,,0,,,,,,,,132,
Charone Peake,NYJ,,26,3,0,0,0,0,0,0,0,0,,0,0,0,0,,0,,,,,,,,147,
Elijhaa Penny,ARI,,25,0,0,0,0,0,0,0,0,0,,0,0,0,0,,0,,,,,,,,116,
Samaje Perine,WAS,,23,0,0,0,0,0,0,0,0,0,,0,0,0,0,,0,,,,,,,,113,
Breshad Perriman,BAL,,25,0,0,0,0,0,0,0,0,0,,0,0,0,0,,0,,,,,,,,133,
Senorise Perry,MIA,,27,2,0,0,0,0,0,0,0,0,,0,0,0,0,,0,,,,,,,,131,
John Phillips,NOR,,31,0,0,0,0,0,0,0,0,0,,0,0,0,0,,0,,,,,,,,79,
DeVier Posey,BAL,,28,0,0,0,0,0,0,0,0,0,,0,0,0,0,,0,,,,,,,,182,
MyCole Pruitt,2TM,,26,1,0,0,0,0,0,0,0,0,,0,0,0,0,,0,,,,,,,,111,
Brian Quick,WAS,,29,1,0,0,0,0,0,0,0,0,,0,0,0,0,,0,,,,,,,,200,
Thomas Rawls,NYJ,,25,0,0,0,0,0,0,0,0,0,,0,0,0,0,,0,,,,,,,,136,
Bernard Reedy,TAM,,27,0,0,0,0,0,0,0,0,0,,0,0,0,0,,0,,,,,,,,157,
Josh Reynolds,LAR,,23,2,0,0,0,0,0,0,0,0,,0,0,0,0,,0,,,,,,,,158,
Aaron Ripkowski,GNB,,26,0,0,0,0,0,0,0,0,0,,0,0,0,0,,0,,,,,,,,3,
Richard Rodgers,PHI,,26,0,0,0,0,0,0,0,0,0,,0,0,0,0,,0,,,,,,,,100,
Eli Rogers,PIT,,26,0,0,0,0,0,0,0,0,0,,0,0,0,0,,0,,,,,,,,142,
Rashad Ross,ARI,,28,0,0,0,0,0,0,0,0,0,,0,0,0,0,,0,,,,,,,,149,
Jake Rudock,DET,,25,0,0,0,0,0,0,0,0,0,,0,0,0,0,,0,,,,,,,,36,
Curtis Samuel,CAR,,22,0,0,0,0,0,0,0,0,0,,0,0,0,0,,0,,,,,,,,124,
Eric Saubert,ATL,,24,2,0,0,0,0,0,0,0,0,,0,1,0,0,,0,,,,,,,,92,
Tom Savage,NOR,,28,0,0,0,0,0,0,0,0,0,,0,0,0,0,,0,,,,,,,,58,
Wes Saxton,SFO,,25,0,0,0,0,0,0,0,0,0,,0,0,0,0,,0,,,,,,,,112,
Matt Schaub,ATL,QB,37,1,0,0,0,0,0,0,1,0,0.00,0,0,0,0,,0,,,,,,,,37,
Adam Shaheen,CHI,,25,0,0,0,0,0,0,0,0,0,,0,0,0,0,,0,,,,,,,,106,
Russell Shepard,NYG,,28,2,0,0,0,0,0,0,0,0,,0,1,0,0,,0,,,,,,,,170,
Trevor Siemian,MIN,,27,0,0,0,0,0,0,0,0,0,,0,0,0,0,,0,,,,,,,,40,
Charles Sims,TAM,,28,0,0,0,0,0,0,0,0,0,,0,0,0,0,,0,,,,,,,,104,
Matt Slater,NWE,,33,2,0,0,0,0,0,0,0,0,,0,0,0,0,,0,,,,,,,,167,
Geno Smith,LAC,QB,28,1,0,0,0,0,0,0,1,-1,-1.00,0,0,0,0,,0,,,,,-0.1,-0.1,,65,
Lee Smith,OAK,,31,2,0,0,0,0,0,0,0,0,,0,0,0,0,,0,,,,,,,,107,
Nate Solder,NYG,,30,2,2,0,0,0,0,0,0,0,,0,0,0,0,,0,,,,,,,,114,
Jeremy Sprinkle,WAS,,24,2,0,0,0,0,0,0,0,0,,0,0,0,0,,0,,,,,,,,108,
Drew Stanton,CLE,,34,0,0,0,0,0,0,0,0,0,,0,0,0,0,,0,,,,,,,,44,
ArDarius Stewart,NYJ,,25,0,0,0,0,0,0,0,0,0,,0,0,0,0,,0,,,,,,,,190,
Rod Streater,BUF,,30,0,0,0,0,0,0,0,0,0,,0,0,0,0,,0,,,,,,,,193,
Alex Tanney,NYG,,31,0,0,0,0,0,0,0,0,0,,0,0,0,0,,0,,,,,,,,51,
Brandon Tate,NOR,,31,0,0,0,0,0,0,0,0,0,,0,0,0,0,,0,,,,,,,,171,
Jordan Taylor,DEN,,26,0,0,0,0,0,0,0,0,0,,0,0,0,0,,0,,,,,,,,154,
Juwan Thompson,TEN,,24,0,0,0,0,0,0,0,0,0,,0,0,0,0,,0,,,,,,,,134,
Mike Thomas,LAR,,24,1,0,0,0,0,0,0,0,0,,0,0,0,0,,0,,,,,,,,183,
Fitzgerald Toussaint,PIT,,28,0,0,0,0,0,0,0,0,0,,0,0,0,0,,0,,,,,,,,126,
Ross Travis,IND,,25,0,0,0,0,0,0,0,0,0,,0,0,0,0,,0,,,,,,,,76,
Robert Turbin,IND,,29,0,0,0,0,0,0,0,0,0,,0,0,0,0,,0,,,,,,,,121,
Will Tye,NWE,,27,0,0,0,0,0,0,0,0,0,,0,0,0,0,,0,,,,,,,,109,
Marquez Valdes-Scantling,GNB,WR,24,2,0,0,0,0,0,0,0,0,,0,1,1,3,3.00,0,,,,1,1.3,0.8,,123,
Shane Vereen,NOR,,29,0,0,0,0,0,0,0,0,0,,0,0,0,0,,0,,,,,,,,145,
Clive Walford,NYJ,,27,0,0,0,0,0,0,0,0,0,,0,0,0,0,,0,,,,,,,,77,
Darren Waller,BAL,,26,0,0,0,0,0,0,0,0,0,,0,0,0,0,,0,,,,,,,,127,
Mike Wallace,PHI,,32,2,2,0,0,0,0,0,0,0,,0,3,0,0,,0,,,,,,,,143,
DeAndre Washington,OAK,,25,0,0,0,0,0,0,0,0,0,,0,0,0,0,,0,,,,,,,,117,
Dwayne Washington,DET,,24,0,0,0,0,0,0,0,0,0,,0,0,0,0,,0,,,,,,,,129,
Derek Watt,LAC,RB,26,2,0,0,0,0,0,0,1,1,1.00,0,0,0,0,,0,,,,,0.1,0.1,,101,
Joe Webb,HOU,,32,2,0,0,0,0,0,0,0,0,,0,0,0,0,,0,,,,,,,,134,
Brandon Weeden,HOU,,35,0,0,0,0,0,0,0,0,0,,0,0,0,0,,0,,,,,,,,56,
Terrance West,NOR,,27,0,0,0,0,0,0,0,0,0,,0,0,0,0,,0,,,,,,,,122,
Griff Whalen,OAK,,28,0,0,0,0,0,0,0,0,0,,0,0,0,0,,0,,,,,,,,197,
Markus Wheaton,PHI,,27,1,0,0,0,0,0,0,0,0,,0,0,0,0,,0,,,,,,,,135,
DeAndrew White,2TM,,27,0,0,0,0,0,0,0,0,0,,0,0,0,0,,0,,,,,,,,128,
Fozzy Whittaker,CAR,,29,0,0,0,0,0,0,0,0,0,,0,0,0,0,,0,,,,,,,,107,
Kevin White,CHI,,26,2,0,0,0,0,0,0,0,0,,0,0,0,0,,0,,,,,,,,141,
Lucky Whitehead,NYJ,,26,0,0,0,0,0,0,0,0,0,,0,0,0,0,,0,,,,,,,,178,
Cole Wick,SFO,,25,2,0,0,0,0,0,0,0,0,,0,0,0,0,,0,,,,,,,,74,
Brandon Wilds,JAX,RB,25,1,0,0,0,0,0,0,3,4,1.33,0,0,0,0,,0,,,,,0.4,0.4,,98,
Chad Williams,ARI,,24,2,1,0,0,0,0,0,0,0,,0,6,0,0,,0,,,,,,,,172,
Damien Williams,KAN,RB,26,2,0,0,0,0,0,0,1,0,0.00,0,1,1,2,2.00,0,,,,1,1.2,0.7,,99,
Jonathan Williams,NOR,RB,24,2,0,0,0,0,0,0,2,-1,-0.50,0,0,0,0,,0,,,,,-0.1,-0.1,,146,
Kasen Williams,IND,,26,0,0,0,0,0,0,0,0,0,,0,0,0,0,,0,,,,,,,,129,
Kerwynn Williams,KAN,,27,0,0,0,0,0,0,0,0,0,,0,0,0,0,,0,,,,,,,,109,
Nick Williams,TEN,,28,0,0,0,0,0,0,0,0,0,,0,0,0,0,,0,,,,,,,,136,
Trey Williams,DAL,,26,0,0,0,0,0,0,0,0,0,,0,0,0,0,,0,,,,,,,,111,
Jameis Winston,TAM,,24,0,0,0,0,0,0,0,0,0,,0,0,0,0,,0,,,,,,,,47,
James Wright,IND,,27,0,0,0,0,0,0,0,0,0,,0,0,0,0,,0,,,,,,,,173,
Kendall Wright,MIN,,29,0,0,0,0,0,0,0,0,0,,0,0,0,0,,0,,,,,,,,130,
Tim Wright,KAN,,28,0,0,0,0,0,0,0,0,0,,0,0,0,0,,0,,,,,,,,95,
DJ Chark,JAX,WR,22,2,0,0,0,0,0,0,0,0,,0,4,1,13,13.00,0,,,-1,,1.3,-0.2,,206,
Matt Cassel,DET,QB,36,1,0,2,6,14,0,1,1,-1,-1.00,0,0,0,0,,0,,,-2,-2,-0.5,-0.5,,66,
Kaelin Clay,2TM,,26,2,0,0,0,0,0,0,0,0,,0,0,0,0,,0,,,-2,-2,-1.0,-2.0,,207,
JJ Jones,LAC,WR,26,2,0,0,0,0,0,0,1,0,0.00,0,0,0,0,,0,,,-2,-2,-1.0,-2.0,,208,
DeShone Kizer,GNB,QB,22,1,0,4,7,55,0,1,0,0,,0,0,0,0,,0,,,-2,-2,0.2,-0.8,,67,
Nathan Peterman,BUF,QB,24,1,1,5,18,24,0,2,1,1,1.00,0,0,0,0,,0,,,-3,-3,-0.9,-0.9,,68,
