Date,Favorite,Spread,Underdog,Total,Away Money Line,Home Money Line,Year,Week
"September 10, 2015 8:30 PM",at Patriots,-7.0,Steelers,51.0,+270,-340,2015,1
"September 13, 2015 1:00 PM",at Jets,-4.0,Browns,40.0,+170,-190,2015,1
"September 13, 2015 1:00 PM",Dolphins,-4.0,at Redskins,46.0,-210,+175,2015,1
"September 13, 2015 1:00 PM",Colts,-1.0,at Bills,44.0,-115,-105,2015,1
"September 13, 2015 1:00 PM",Packers,-6.0,at Bears,48.0,-286,+230,2015,1
"September 13, 2015 1:00 PM",Chiefs,-1.0,at Texans,40.0,-115,-105,2015,1
"September 13, 2015 1:00 PM",Panthers,-3.0,at Jaguars,41.0,-150,+130,2015,1
"September 13, 2015 1:00 PM",Seahawks,-4.0,at Rams,42.0,-185,+160,2015,1
"September 13, 2015 4:05 PM",at Chargers,-4.0,Lions,46.0,+160,-180,2015,1
"September 13, 2015 4:05 PM",at Cardinals,-2.0,Saints,49.0,+120,-140,2015,1
"September 13, 2015 4:25 PM",at Broncos,-4.0,Ravens,46.0,+180,-220,2015,1
"September 13, 2015 4:25 PM",at Buccaneers,-3.0,Titans,40.0,+130,-150,2015,1
"September 13, 2015 4:25 PM",Bengals,-3.0,at Raiders,43.0,-154,+130,2015,1
"September 13, 2015 8:30 PM",at Cowboys,-7.0,Giants,52.0,+240,-300,2015,1
"September 14, 2015 7:10 PM",Eagles,-3.0,at Falcons,55.0,-188,+150,2015,1
"September 14, 2015 10:20 PM",Vikings,-2.0,at 49ers,42.0,-142,+120,2015,1
"September 17, 2015 8:25 PM",at Chiefs,-3.0,Broncos,42.0,+150,-170,2015,2
"September 20, 2015 1:00 PM",at Vikings,-2.0,Lions,44.0,+125,-145,2015,2
"September 20, 2015 1:00 PM",at Saints,-10.0,Buccaneers,47.0,+350,-450,2015,2
"September 20, 2015 1:00 PM",at Giants,-2.0,Falcons,50.0,+110,-130,2015,2
"September 20, 2015 1:00 PM",at Bills,-2.0,Patriots,45.0,-101,-119,2015,2
"September 20, 2015 1:00 PM",at Panthers,-3.0,Texans,41.0,+135,-155,2015,2
"September 20, 2015 1:00 PM",Cardinals,-2.0,at Bears,46.0,-125,+105,2015,2
"September 20, 2015 1:00 PM",at Bengals,-4.0,Chargers,48.0,+145,-175,2015,2
"September 20, 2015 1:00 PM",Titans,-1.0,at Browns,41.0,-120,+100,2015,2
"September 20, 2015 1:00 PM",at Steelers,-6.0,49ers,46.0,+200,-240,2015,2
"September 20, 2015 1:00 PM",Rams,-3.0,at Redskins,41.0,-175,+155,2015,2
"September 20, 2015 4:05 PM",Dolphins,-6.0,at Jaguars,42.0,-250,+210,2015,2
"September 20, 2015 4:05 PM",Ravens,-6.0,at Raiders,42.0,-220,+190,2015,2
"September 20, 2015 4:25 PM",at Eagles,-6.0,Cowboys,54.0,+250,-300,2015,2
"September 20, 2015 8:30 PM",at Packers,-4.0,Seahawks,49.0,+145,-175,2015,2
"September 21, 2015 8:30 PM",at Colts,-6.0,Jets,46.0,+220,-270,2015,2
"September 24, 2015 8:25 PM",at Giants,-3.0,Redskins,45.0,+145,-165,2015,3
"September 27, 2015 1:00 PM",at Jets,-3.0,Eagles,47.0,+145,-165,2015,3
"September 27, 2015 1:00 PM",Colts,-3.0,at Titans,46.0,-175,+155,2015,3
"September 27, 2015 1:00 PM",at Ravens,-2.0,Bengals,46.0,+100,-125,2015,3
"September 27, 2015 1:00 PM",at Panthers,-10.0,Saints,43.0,+350,-450,2015,3
"September 27, 2015 1:00 PM",at Browns,-4.0,Raiders,44.0,+163,-183,2015,3
"September 27, 2015 1:00 PM",at Cowboys,-1.0,Falcons,43.0,-110,-110,2015,3
"September 27, 2015 1:00 PM",at Texans,-6.0,Buccaneers,41.0,+220,-260,2015,3
"September 27, 2015 1:00 PM",at Rams,-1.0,Steelers,48.0,+100,-120,2015,3
"September 27, 2015 1:00 PM",at Vikings,-2.0,Chargers,46.0,+105,-130,2015,3
"September 27, 2015 1:00 PM",at Patriots,-14.0,Jaguars,49.0,+750,-1250,2015,3
"September 27, 2015 4:05 PM",at Cardinals,-6.0,49ers,45.0,+250,-300,2015,3
"September 27, 2015 4:25 PM",at Seahawks,-16.0,Bears,44.0,+800,-1600,2015,3
"September 27, 2015 4:25 PM",at Dolphins,-2.0,Bills,44.0,+105,-125,2015,3
"September 27, 2015 8:30 PM",Broncos,-3.0,at Lions,44.0,-163,+130,2015,3
"September 28, 2015 8:30 PM",at Packers,-6.0,Chiefs,48.0,+210,-250,2015,3
"October 1, 2015 8:25 PM",Ravens,-3.0,at Steelers,44.0,-163,+130,2015,4
"October 4, 2015 9:30 AM",Jets,-2.0,at Dolphins,42.0,-140,+120,2015,4
"October 4, 2015 1:00 PM",at Colts,-4.0,Jaguars,43.0,+167,-200,2015,4
"October 4, 2015 1:00 PM",at Falcons,-4.0,Texans,48.0,+185,-225,2015,4
"October 4, 2015 1:00 PM",at Bills,-6.0,Giants,46.0,+210,-260,2015,4
"October 4, 2015 1:00 PM",Raiders,-3.0,at Bears,44.0,-165,+145,2015,4
"October 4, 2015 1:00 PM",at Bengals,-4.0,Chiefs,45.0,+155,-175,2015,4
"October 4, 2015 1:00 PM",Panthers,-3.0,at Buccaneers,40.0,-182,+145,2015,4
"October 4, 2015 1:00 PM",Eagles,-3.0,at Redskins,46.0,-161,+130,2015,4
"October 4, 2015 4:05 PM",at Chargers,-5.0,Browns,44.0,+205,-245,2015,4
"October 4, 2015 4:25 PM",at Broncos,-6.0,Vikings,43.0,+240,-300,2015,4
"October 4, 2015 4:25 PM",at Cardinals,-7.0,Rams,44.0,+275,-350,2015,4
"October 4, 2015 4:25 PM",Packers,-8.0,at 49ers,48.0,-345,+275,2015,4
"October 4, 2015 8:30 PM",at Saints,-3.0,Cowboys,49.0,+140,-155,2015,4
"October 5, 2015 8:30 PM",at Seahawks,-10.0,Lions,43.0,+375,-500,2015,4
"October 8, 2015 8:25 PM",at Texans,-5.0,Colts,40.0,+180,-220,2015,5
"October 11, 2015 1:00 PM",at Chiefs,-9.0,Bears,44.0,+360,-460,2015,5
"October 11, 2015 1:00 PM",at Packers,-9.0,Rams,45.0,+350,-450,2015,5
"October 11, 2015 1:00 PM",at Falcons,-7.0,Redskins,48.0,+260,-320,2015,5
"October 11, 2015 1:00 PM",at Ravens,-6.0,Browns,43.0,+220,-260,2015,5
"October 11, 2015 1:00 PM",at Bengals,-3.0,Seahawks,44.0,+150,-170,2015,5
"October 11, 2015 1:00 PM",at Eagles,-6.0,Saints,50.0,+220,-270,2015,5
"October 11, 2015 1:00 PM",at Buccaneers,-1.0,Jaguars,42.0,+105,-115,2015,5
"October 11, 2015 1:00 PM",Bills,-1.0,at Titans,43.0,-115,-105,2015,5
"October 11, 2015 4:05 PM",Cardinals,-4.0,at Lions,46.0,-220,+185,2015,5
"October 11, 2015 4:25 PM",Patriots,-8.0,at Cowboys,50.0,-380,+300,2015,5
"October 11, 2015 4:25 PM",Broncos,-4.0,at Raiders,44.0,-210,+180,2015,5
"October 11, 2015 8:30 PM",at Giants,-8.0,49ers,44.0,+280,-340,2015,5
"October 12, 2015 8:30 PM",at Chargers,-4.0,Steelers,46.0,+180,-210,2015,5
"October 15, 2015 8:25 PM",Falcons,-3.0,at Saints,52.0,-155,+135,2015,6
"October 18, 2015 1:00 PM",at Jets,-8.0,Redskins,40.0,+295,-360,2015,6
"October 18, 2015 1:00 PM",at Jaguars,-2.0,Texans,43.0,+125,-145,2015,6
"October 18, 2015 1:00 PM",at Vikings,-4.0,Chiefs,43.0,+160,-185,2015,6
"October 18, 2015 1:00 PM",Bengals,-3.0,at Bills,42.0,-164,+144,2015,6
"October 18, 2015 1:00 PM",Broncos,-3.0,at Browns,42.0,-185,+155,2015,6
"October 18, 2015 1:00 PM",at Lions,-4.0,Bears,46.0,+168,-200,2015,6
"October 18, 2015 1:00 PM",Cardinals,-6.0,at Steelers,46.0,-230,+205,2015,6
"October 18, 2015 1:00 PM",at Titans,-2.0,Dolphins,44.0,+115,-135,2015,6
"October 18, 2015 4:05 PM",at Seahawks,-7.0,Panthers,41.0,+260,-320,2015,6
"October 18, 2015 4:25 PM",Ravens,-2.0,at 49ers,44.0,-140,+120,2015,6
"October 18, 2015 4:25 PM",at Packers,-10.0,Chargers,50.0,+400,-500,2015,6
"October 18, 2015 8:30 PM",Patriots,-10.0,at Colts,54.0,-450,+350,2015,6
"October 19, 2015 8:30 PM",at Eagles,-4.0,Giants,50.0,+170,-200,2015,6
"October 22, 2015 8:25 PM",Seahawks,-6.0,at 49ers,42.0,-300,+225,2015,7
"October 25, 2015 9:30 AM",Bills,-4.0,at Jaguars,42.0,-200,+160,2015,7
"October 25, 2015 1:00 PM",at Chiefs,-3.0,Steelers,42.0,+150,-170,2015,7
"October 25, 2015 1:00 PM",Falcons,-6.0,at Titans,46.0,-250,+200,2015,7
"October 25, 2015 1:00 PM",at Redskins,-3.0,Buccaneers,42.0,+130,-150,2015,7
"October 25, 2015 1:00 PM",at Lions,-1.0,Vikings,44.0,+100,-120,2015,7
"October 25, 2015 1:00 PM",at Colts,-6.0,Saints,53.0,+210,-250,2015,7
"October 25, 2015 1:00 PM",at Rams,-6.0,Browns,44.0,+220,-260,2015,7
"October 25, 2015 1:00 PM",at Dolphins,-4.0,Texans,46.0,+180,-220,2015,7
"October 25, 2015 1:00 PM",at Patriots,-7.0,Jets,48.0,+270,-340,2015,7
"October 25, 2015 4:05 PM",at Chargers,-4.0,Raiders,48.0,+155,-175,2015,7
"October 25, 2015 4:25 PM",at Giants,-3.0,Cowboys,44.0,+140,-160,2015,7
"October 25, 2015 8:30 PM",at Panthers,-3.0,Eagles,46.0,+130,-150,2015,7
"October 26, 2015 8:30 PM",at Cardinals,-10.0,Ravens,50.0,+400,-500,2015,7
"October 29, 2015 8:25 PM",at Patriots,-8.0,Dolphins,51.0,+320,-400,2015,8
"November 1, 2015 9:30 AM",at Chiefs,-3.0,Lions,45.0,+140,-160,2015,8
"November 1, 2015 1:00 PM",at Rams,-8.0,49ers,41.0,+315,-400,2015,8
"November 1, 2015 1:00 PM",at Falcons,-8.0,Buccaneers,48.0,+333,-400,2015,8
"November 1, 2015 1:00 PM",at Ravens,-4.0,Chargers,50.0,+175,-210,2015,8
"November 1, 2015 1:00 PM",Vikings,-2.0,at Bears,44.0,-120,+110,2015,8
"November 1, 2015 1:00 PM",Cardinals,-7.0,at Browns,46.0,-320,+260,2015,8
"November 1, 2015 1:00 PM",at Saints,-3.0,Giants,52.0,+145,-170,2015,8
"November 1, 2015 1:00 PM",at Texans,-4.0,Titans,43.0,+155,-175,2015,8
"November 1, 2015 1:00 PM",at Steelers,-0.0,Bengals,49.0,-115,-105,2015,8
"November 1, 2015 4:05 PM",Jets,-3.0,at Raiders,44.0,-189,+155,2015,8
"November 1, 2015 4:25 PM",Seahawks,-5.0,at Cowboys,42.0,-222,+180,2015,8
"November 1, 2015 8:30 PM",Packers,-2.0,at Broncos,46.0,-140,+120,2015,8
"November 2, 2015 8:30 PM",at Panthers,-5.0,Colts,46.0,+195,-240,2015,8
"November 5, 2015 8:25 PM",at Bengals,-13.0,Browns,46.0,+550,-850,2015,9
"November 8, 2015 1:00 PM",at Bills,-4.0,Dolphins,44.0,+167,-200,2015,9
"November 8, 2015 1:00 PM",Packers,-2.0,at Panthers,46.0,-130,+110,2015,9
"November 8, 2015 1:00 PM",at Vikings,-2.0,Rams,40.0,+105,-125,2015,9
"November 8, 2015 1:00 PM",at Patriots,-14.0,Redskins,52.0,+700,-1400,2015,9
"November 8, 2015 1:00 PM",at Saints,-6.0,Titans,50.0,+250,-300,2015,9
"November 8, 2015 1:00 PM",at Jets,-8.0,Jaguars,42.0,+300,-360,2015,9
"November 8, 2015 1:00 PM",at Steelers,-6.0,Raiders,48.0,+195,-250,2015,9
"November 8, 2015 4:05 PM",Falcons,-8.0,at 49ers,44.0,-350,+285,2015,9
"November 8, 2015 4:05 PM",Giants,-2.0,at Buccaneers,49.0,-125,+105,2015,9
"November 8, 2015 4:25 PM",Broncos,-4.0,at Colts,45.0,-195,+160,2015,9
"November 8, 2015 8:30 PM",Eagles,-3.0,at Cowboys,44.0,-170,+150,2015,9
"November 9, 2015 8:30 PM",at Chargers,-4.0,Bears,50.0,+160,-200,2015,9
"November 12, 2015 8:25 PM",at Jets,-2.0,Bills,42.0,+115,-135,2015,10
"November 15, 2015 1:00 PM",at Eagles,-6.0,Dolphins,50.0,+210,-250,2015,10
"November 15, 2015 1:00 PM",at Steelers,-7.0,Browns,43.0,+250,-300,2015,10
"November 15, 2015 1:00 PM",at Ravens,-5.0,Jaguars,47.0,+195,-250,2015,10
"November 15, 2015 1:00 PM",at Packers,-10.0,Lions,50.0,+440,-600,2015,10
"November 15, 2015 1:00 PM",at Rams,-7.0,Bears,42.0,+305,-335,2015,10
"November 15, 2015 1:00 PM",Cowboys,-1.0,at Buccaneers,44.0,-115,-105,2015,10
"November 15, 2015 1:00 PM",Panthers,-4.0,at Titans,42.0,-200,+170,2015,10
"November 15, 2015 1:00 PM",Saints,-2.0,at Redskins,52.0,-125,+105,2015,10
"November 15, 2015 4:05 PM",at Raiders,-3.0,Vikings,44.0,+150,-160,2015,10
"November 15, 2015 4:25 PM",Patriots,-7.0,at Giants,52.0,-325,+265,2015,10
"November 15, 2015 4:25 PM",at Broncos,-4.0,Chiefs,42.0,+170,-200,2015,10
"November 15, 2015 8:30 PM",at Seahawks,-3.0,Cardinals,44.0,+130,-150,2015,10
"November 16, 2015 8:30 PM",at Bengals,-10.0,Texans,46.0,+400,-500,2015,10
"November 19, 2015 8:25 PM",at Jaguars,-3.0,Titans,42.0,+125,-145,2015,11
"November 22, 2015 1:00 PM",Cowboys,-2.0,at Dolphins,46.0,-130,+110,2015,11
"November 22, 2015 1:00 PM",at Falcons,-4.0,Colts,48.0,+160,-200,2015,11
"November 22, 2015 1:00 PM",at Ravens,-3.0,Rams,41.0,+130,-150,2015,11
"November 22, 2015 1:00 PM",at Panthers,-7.0,Redskins,44.0,+245,-300,2015,11
"November 22, 2015 1:00 PM",Broncos,-2.0,at Bears,42.0,-133,+110,2015,11
"November 22, 2015 1:00 PM",Raiders,-1.0,at Lions,50.0,-120,+100,2015,11
"November 22, 2015 1:00 PM",Jets,-4.0,at Texans,40.0,-200,+170,2015,11
"November 22, 2015 1:00 PM",at Eagles,-6.0,Buccaneers,46.0,+225,-300,2015,11
"November 22, 2015 4:05 PM",Chiefs,-3.0,at Chargers,46.0,-170,+150,2015,11
"November 22, 2015 4:25 PM",at Vikings,-1.0,Packers,45.0,-110,-110,2015,11
"November 22, 2015 4:25 PM",at Seahawks,-14.0,49ers,40.0,+750,-1100,2015,11
"November 22, 2015 8:30 PM",at Cardinals,-4.0,Bengals,48.0,+185,-215,2015,11
"November 23, 2015 8:30 PM",at Patriots,-7.0,Bills,48.0,+290,-350,2015,11
"November 26, 2015 12:30 PM",at Lions,-3.0,Eagles,47.0,N/A,N/A,2015,12
"November 26, 2015 4:30 PM",Panthers,-1.0,at Cowboys,44.0,N/A,N/A,2015,12
"November 26, 2015 8:30 PM",at Packers,-8.0,Bears,45.0,N/A,N/A,2015,12
"November 29, 2015 1:00 PM",at Texans,-4.0,Saints,51.0,N/A,N/A,2015,12
"November 29, 2015 1:00 PM",at Colts,-3.0,Buccaneers,46.0,N/A,N/A,2015,12
"November 29, 2015 1:00 PM",at Jaguars,-5.0,Chargers,47.0,N/A,N/A,2015,12
"November 29, 2015 1:00 PM",at Chiefs,-4.0,Bills,41.0,N/A,N/A,2015,12
"November 29, 2015 1:00 PM",at Jets,-4.0,Dolphins,44.0,N/A,N/A,2015,12
"November 29, 2015 1:00 PM",at Falcons,-2.0,Vikings,45.0,N/A,N/A,2015,12
"November 29, 2015 1:00 PM",at Bengals,-10.0,Rams,42.0,N/A,N/A,2015,12
"November 29, 2015 1:00 PM",Raiders,-1.0,at Titans,45.0,N/A,N/A,2015,12
"November 29, 2015 1:00 PM",Giants,-1.0,at Redskins,48.0,N/A,N/A,2015,12
"November 29, 2015 4:05 PM",Cardinals,-8.0,at 49ers,45.0,N/A,N/A,2015,12
"November 29, 2015 4:25 PM",at Seahawks,-3.0,Steelers,46.0,N/A,N/A,2015,12
"November 29, 2015 8:30 PM",Patriots,-2.0,at Broncos,43.0,N/A,N/A,2015,12
"November 30, 2015 8:30 PM",at Browns,-6.0,Ravens,41.0,N/A,N/A,2015,12
"December 3, 2015 8:25 PM",Packers,-2.5,at Lions,46.5,N/A,N/A,2015,13
"December 6, 2015 1:00 PM",at Bills,-3.0,Texans,42.0,N/A,N/A,2015,13
"December 6, 2015 1:00 PM",at Bears,-6.5,49ers,43.0,N/A,N/A,2015,13
"December 6, 2015 1:00 PM",Bengals,-7.5,at Browns,44.5,N/A,N/A,2015,13
"December 6, 2015 1:00 PM",Cardinals,-3.5,at Rams,43.0,N/A,N/A,2015,13
"December 6, 2015 1:00 PM",at Dolphins,-3.5,Ravens,43.5,N/A,N/A,2015,13
"December 6, 2015 1:00 PM",Seahawks,-2.5,at Vikings,43.0,N/A,N/A,2015,13
"December 6, 2015 1:00 PM",Jets,-2.5,at Giants,46.5,N/A,N/A,2015,13
"December 6, 2015 1:00 PM",at Buccaneers,-1.0,Falcons,46.5,N/A,N/A,2015,13
"December 6, 2015 1:00 PM",at Titans,-3.0,Jaguars,43.5,N/A,N/A,2015,13
"December 6, 2015 4:05 PM",Chiefs,-3.0,at Raiders,45.5,N/A,N/A,2015,13
"December 6, 2015 4:05 PM",Broncos,-5.5,at Chargers,45.0,N/A,N/A,2015,13
"December 6, 2015 4:25 PM",at Patriots,-7.5,Eagles,49.0,N/A,N/A,2015,13
"December 6, 2015 4:25 PM",Panthers,-6.0,at Saints,50.5,N/A,N/A,2015,13
"December 6, 2015 8:30 PM",at Steelers,-10.0,Colts,50.5,N/A,N/A,2015,13
"December 7, 2015 8:30 PM",at Redskins,-2.0,Cowboys,43.0,N/A,N/A,2015,13
"December 10, 2015 8:25 PM",at Cardinals,-10.0,Vikings,46.5,N/A,N/A,2015,14
"December 13, 2015 1:00 PM",Seahawks,-10.5,at Ravens,42.0,N/A,N/A,2015,14
"December 13, 2015 1:00 PM",at Panthers,-8.0,Falcons,45.5,N/A,N/A,2015,14
"December 13, 2015 1:00 PM",at Bears,-4.0,Redskins,43.5,N/A,N/A,2015,14
"December 13, 2015 1:00 PM",at Bengals,-1.0,Steelers,49.0,N/A,N/A,2015,14
"December 13, 2015 1:00 PM",at Browns,-2.5,49ers,43.0,N/A,N/A,2015,14
"December 13, 2015 1:00 PM",at Jaguars,-1.0,Colts,46.0,N/A,N/A,2015,14
"December 13, 2015 1:00 PM",at Chiefs,-11.5,Chargers,42.0,N/A,N/A,2015,14
"December 13, 2015 1:00 PM",Lions,-3.0,at Rams,41.5,N/A,N/A,2015,14
"December 13, 2015 1:00 PM",at Jets,-8.0,Titans,43.0,N/A,N/A,2015,14
"December 13, 2015 1:00 PM",at Eagles,-1.0,Bills,48.0,N/A,N/A,2015,14
"December 13, 2015 1:00 PM",at Buccaneers,-6.0,Saints,52.0,N/A,N/A,2015,14
"December 13, 2015 4:05 PM",at Broncos,-6.0,Raiders,43.0,N/A,N/A,2015,14
"December 13, 2015 4:25 PM",at Packers,-6.0,Cowboys,42.5,N/A,N/A,2015,14
"December 13, 2015 8:30 PM",Patriots,-4.5,at Texans,46.5,N/A,N/A,2015,14
"December 14, 2015 8:30 PM",Giants,-2.0,at Dolphins,47.5,N/A,N/A,2015,14
"December 17, 2015 8:25 PM",at Rams,-1.0,Buccaneers,41.5,N/A,N/A,2015,15
"December 19, 2015 8:25 PM",Jets,-3.0,at Cowboys,41.0,N/A,N/A,2015,15
"December 20, 2015 1:00 PM",at Colts,-1.5,Texans,42.0,N/A,N/A,2015,15
"December 20, 2015 1:00 PM",at Jaguars,-2.0,Falcons,48.0,N/A,N/A,2015,15
"December 20, 2015 1:00 PM",at Vikings,-4.0,Bears,44.0,N/A,N/A,2015,15
"December 20, 2015 1:00 PM",at Patriots,-14.5,Titans,48.0,N/A,N/A,2015,15
"December 20, 2015 1:00 PM",Panthers,-4.5,at Giants,46.5,N/A,N/A,2015,15
"December 20, 2015 1:00 PM",Chiefs,-6.5,at Ravens,41.0,N/A,N/A,2015,15
"December 20, 2015 1:00 PM",Bills,-2.0,at Redskins,45.5,N/A,N/A,2015,15
"December 20, 2015 4:05 PM",at Seahawks,-14.5,Browns,45.5,N/A,N/A,2015,15
"December 20, 2015 4:05 PM",Packers,-4.0,at Raiders,47.0,N/A,N/A,2015,15
"December 20, 2015 4:25 PM",at Steelers,-7.0,Broncos,45.5,N/A,N/A,2015,15
"December 20, 2015 4:25 PM",Bengals,-7.0,at 49ers,40.5,N/A,N/A,2015,15
"December 20, 2015 4:25 PM",at Chargers,-1.0,Dolphins,46.5,N/A,N/A,2015,15
"December 20, 2015 8:30 PM",Cardinals,-3.5,at Eagles,51.0,N/A,N/A,2015,15
"December 21, 2015 8:30 PM",at Saints,-2.5,Lions,52.0,N/A,N/A,2015,15
"December 24, 2015 8:25 PM",at Raiders,-4.0,Chargers,45.0,N/A,N/A,2015,16
"December 26, 2015 8:25 PM",at Eagles,-3.0,Redskins,48.5,N/A,N/A,2015,16
"December 27, 2015 1:00 PM",at Buccaneers,-3.0,Bears,44.0,N/A,N/A,2015,16
"December 27, 2015 1:00 PM",Texans,-3.5,at Titans,39.0,N/A,N/A,2015,16
"December 27, 2015 1:00 PM",Patriots,-2.5,at Jets,46.0,N/A,N/A,2015,16
"December 27, 2015 1:00 PM",Panthers,-7.0,at Falcons,46.0,N/A,N/A,2015,16
"December 27, 2015 1:00 PM",Steelers,-11.0,at Ravens,47.5,N/A,N/A,2015,16
"December 27, 2015 1:00 PM",at Bills,-6.5,Cowboys,42.0,N/A,N/A,2015,16
"December 27, 2015 1:00 PM",at Lions,-9.0,49ers,43.0,N/A,N/A,2015,16
"December 27, 2015 1:00 PM",at Chiefs,-11.5,Browns,42.5,N/A,N/A,2015,16
"December 27, 2015 1:00 PM",at Dolphins,-2.5,Colts,44.0,N/A,N/A,2015,16
"December 27, 2015 4:05 PM",at Saints,-2.5,Jaguars,53.5,N/A,N/A,2015,16
"December 27, 2015 4:25 PM",at Cardinals,-6.0,Packers,50.0,N/A,N/A,2015,16
"December 27, 2015 4:25 PM",at Seahawks,-11.5,Rams,41.5,N/A,N/A,2015,16
"December 27, 2015 8:30 PM",at Vikings,-7.0,Giants,45.0,N/A,N/A,2015,16
"December 28, 2015 8:30 PM",at Broncos,-4.5,Bengals,39.5,N/A,N/A,2015,16
"January 3, 2016 1:00 PM",Lions,-2.5,at Bears,45.0,N/A,N/A,2015,17
"January 3, 2016 1:00 PM",at Bengals,-10.0,Ravens,40.5,N/A,N/A,2015,17
"January 3, 2016 1:00 PM",Steelers,-13.0,at Browns,47.0,N/A,N/A,2015,17
"January 3, 2016 1:00 PM",at Cowboys,-3.0,Redskins,41.0,N/A,N/A,2015,17
"January 3, 2016 1:00 PM",at Falcons,-6.0,Saints,53.5,N/A,N/A,2015,17
"January 3, 2016 1:00 PM",Jets,-3.0,at Bills,41.0,N/A,N/A,2015,17
"January 3, 2016 1:00 PM",at Texans,-5.5,Jaguars,45.0,N/A,N/A,2015,17
"January 3, 2016 1:00 PM",at Colts,-5.0,Titans,39.0,N/A,N/A,2015,17
"January 3, 2016 1:00 PM",Patriots,-10.0,at Dolphins,46.5,N/A,N/A,2015,17
"January 3, 2016 1:00 PM",at Giants,-3.5,Eagles,51.0,N/A,N/A,2015,17
"January 3, 2016 4:25 PM",Rams,-3.0,at 49ers,38.5,N/A,N/A,2015,17
"January 3, 2016 4:25 PM",at Cardinals,-6.0,Seahawks,47.0,N/A,N/A,2015,17
"January 3, 2016 4:25 PM",at Chiefs,-6.5,Raiders,43.5,N/A,N/A,2015,17
"January 3, 2016 4:25 PM",at Panthers,-10.0,Buccaneers,44.5,N/A,N/A,2015,17
"January 3, 2016 4:25 PM",at Broncos,-10.0,Chargers,42.0,N/A,N/A,2015,17
"January 3, 2016 8:30 PM",at Packers,-3.0,Vikings,44.0,N/A,N/A,2015,17
"September 8, 2016 8:30 PM",Panthers,-3.0,at Broncos,41.0,-165,+145,2016,1
"September 11, 2016 1:00 PM",at Texans,-6.0,Bears,42.5,+220,-260,2016,1
"September 11, 2016 1:00 PM",at Falcons,-3.0,Buccaneers,47.0,+115,-135,2016,1
"September 11, 2016 1:00 PM",at Ravens,-3.0,Bills,45.0,+130,-150,2016,1
"September 11, 2016 1:00 PM",Packers,-6.0,at Jaguars,48.0,-210,+175,2016,1
"September 11, 2016 1:00 PM",at Chiefs,-7.0,Chargers,46.0,+240,-280,2016,1
"September 11, 2016 1:00 PM",at Saints,-3.0,Raiders,51.0,+130,-150,2016,1
"September 11, 2016 1:00 PM",Bengals,-3.0,at Jets,42.0,-115,-105,2016,1
"September 11, 2016 1:00 PM",at Eagles,-4.0,Browns,41.5,+165,-190,2016,1
"September 11, 2016 1:00 PM",Vikings,-3.0,at Titans,40.5,-145,+125,2016,1
"September 11, 2016 4:05 PM",at Seahawks,-10.5,Dolphins,43.5,+375,-500,2016,1
"September 11, 2016 4:25 PM",Giants,-1.5,at Cowboys,48.0,-120,+100,2016,1
"September 11, 2016 4:25 PM",at Colts,-3.0,Lions,51.5,+130,-150,2016,1
"September 11, 2016 8:30 PM",at Cardinals,-9.0,Patriots,45.0,+300,-400,2016,1
"September 12, 2016 7:10 PM",Steelers,-3.0,at Redskins,50.0,-155,+135,2016,1
"September 12, 2016 10:20 PM",Rams,-3.0,at 49ers,42.5,-145,+125,2016,1
"September 15, 2016 8:25 PM",at Bills,-1.0,Jets,40.5,-105,-115,2016,2
"September 18, 2016 1:00 PM",at Panthers,-12.0,49ers,44.5,+450,-625,2016,2
"September 18, 2016 1:00 PM",Ravens,-4.5,at Browns,42.0,-222,+180,2016,2
"September 18, 2016 1:00 PM",at Lions,-6.0,Titans,48.0,+210,-270,2016,2
"September 18, 2016 1:00 PM",at Texans,-1.0,Chiefs,42.0,-105,-115,2016,2
"September 18, 2016 1:00 PM",at Patriots,-5.5,Dolphins,42.5,+200,-250,2016,2
"September 18, 2016 1:00 PM",at Giants,-3.5,Saints,54.0,+155,-185,2016,2
"September 18, 2016 1:00 PM",at Steelers,-3.0,Bengals,48.5,+145,-165,2016,2
"September 18, 2016 1:00 PM",at Redskins,-3.5,Cowboys,47.0,+160,-180,2016,2
"September 18, 2016 4:05 PM",at Cardinals,-7.0,Buccaneers,49.5,+265,-330,2016,2
"September 18, 2016 4:05 PM",Seahawks,-5.5,at Rams,38.0,-250,+200,2016,2
"September 18, 2016 4:25 PM",at Chargers,-3.0,Jaguars,47.5,+130,-150,2016,2
"September 18, 2016 4:25 PM",at Broncos,-6.5,Colts,47.0,+230,-280,2016,2
"September 18, 2016 4:25 PM",at Raiders,-4.0,Falcons,47.5,+170,-200,2016,2
"September 18, 2016 8:30 PM",Packers,-1.5,at Vikings,42.5,-126,+106,2016,2
"September 19, 2016 8:30 PM",at Bears,-3.0,Eagles,43.0,+140,-160,2016,2
"September 22, 2016 8:25 PM",at Patriots,-1.0,Texans,39.5,-105,-115,2016,3
"September 25, 2016 1:00 PM",at Giants,-3.5,Redskins,47.0,+160,-180,2016,3
"September 25, 2016 1:00 PM",at Dolphins,-10.0,Browns,42.0,+333,-450,2016,3
"September 25, 2016 1:00 PM",Raiders,-2.0,at Titans,47.0,-125,+105,2016,3
"September 25, 2016 1:00 PM",Cardinals,-4.5,at Bills,48.0,-215,+185,2016,3
"September 25, 2016 1:00 PM",at Panthers,-6.0,Vikings,43.0,+220,-270,2016,3
"September 25, 2016 1:00 PM",at Bengals,-3.5,Broncos,41.5,+155,-185,2016,3
"September 25, 2016 1:00 PM",at Packers,-6.0,Lions,47.5,+213,-275,2016,3
"September 25, 2016 1:00 PM",Ravens,-2.5,at Jaguars,45.0,-135,+115,2016,3
"September 25, 2016 4:05 PM",at Seahawks,-10.0,49ers,42.0,+375,-450,2016,3
"September 25, 2016 4:05 PM",at Buccaneers,-3.5,Rams,40.5,+159,-179,2016,3
"September 25, 2016 4:25 PM",Steelers,-4.0,at Eagles,46.5,-200,+170,2016,3
"September 25, 2016 4:25 PM",at Chiefs,-3.0,Jets,44.0,+135,-165,2016,3
"September 25, 2016 4:25 PM",at Colts,-1.5,Chargers,51.0,+105,-125,2016,3
"September 25, 2016 8:30 PM",at Cowboys,-6.5,Bears,45.0,+215,-265,2016,3
"September 26, 2016 8:30 PM",at Saints,-3.0,Falcons,54.0,+131,-151,2016,3
"September 29, 2016 8:25 PM",at Bengals,-7.5,Dolphins,46.0,+300,-380,2016,4
"October 2, 2016 9:30 AM",Colts,-1.5,at Jaguars,48.0,-125,+100,2016,4
"October 2, 2016 1:00 PM",at Patriots,-3.5,Bills,41.0,+165,-200,2016,4
"October 2, 2016 1:00 PM",Seahawks,-1.0,at Jets,40.0,-115,-105,2016,4
"October 2, 2016 1:00 PM",at Texans,-4.0,Titans,40.0,+170,-200,2016,4
"October 2, 2016 1:00 PM",Panthers,-3.0,at Falcons,48.5,-162,+135,2016,4
"October 2, 2016 1:00 PM",at Ravens,-3.5,Raiders,45.0,+160,-175,2016,4
"October 2, 2016 1:00 PM",Lions,-3.5,at Bears,48.0,-180,+157,2016,4
"October 2, 2016 1:00 PM",at Redskins,-7.5,Browns,47.5,+275,-350,2016,4
"October 2, 2016 4:05 PM",Broncos,-3.5,at Buccaneers,43.0,-180,+150,2016,4
"October 2, 2016 4:25 PM",at Cardinals,-9.5,Rams,43.5,+370,-440,2016,4
"October 2, 2016 4:25 PM",Cowboys,-1.5,at 49ers,44.5,-125,+105,2016,4
"October 2, 2016 4:25 PM",at Chargers,-3.5,Saints,54.0,+166,-185,2016,4
"October 2, 2016 8:30 PM",at Steelers,-3.5,Chiefs,48.5,+150,-180,2016,4
"October 3, 2016 8:30 PM",at Vikings,-3.5,Giants,42.5,+155,-175,2016,4
"October 6, 2016 8:25 PM",Cardinals,-3.5,at 49ers,42.5,-189,+170,2016,5
"October 9, 2016 1:00 PM",at Dolphins,-2.5,Titans,44.0,+120,-140,2016,5
"October 9, 2016 1:00 PM",at Vikings,-6.0,Texans,38.5,+220,-270,2016,5
"October 9, 2016 1:00 PM",at Steelers,-9.0,Jets,50.0,+300,-400,2016,5
"October 9, 2016 1:00 PM",at Ravens,-3.5,Redskins,44.0,+165,-200,2016,5
"October 9, 2016 1:00 PM",Patriots,-10.0,at Browns,48.0,-600,+400,2016,5
"October 9, 2016 1:00 PM",Eagles,-3.5,at Lions,46.0,-196,+160,2016,5
"October 9, 2016 1:00 PM",at Colts,-3.5,Bears,47.5,+160,-200,2016,5
"October 9, 2016 4:05 PM",at Broncos,-4.0,Falcons,44.5,+165,-200,2016,5
"October 9, 2016 4:25 PM",at Raiders,-3.5,Chargers,50.5,+163,-200,2016,5
"October 9, 2016 4:25 PM",Bills,-2.5,at Rams,41.5,-137,+115,2016,5
"October 9, 2016 4:25 PM",Bengals,-2.5,at Cowboys,45.5,-140,+120,2016,5
"October 9, 2016 8:30 PM",at Packers,-7.0,Giants,48.5,+255,-310,2016,5
"October 10, 2016 8:30 PM",at Panthers,-5.5,Buccaneers,46.5,+200,-250,2016,5
"October 13, 2016 8:25 PM",Broncos,-3.0,at Chargers,44.5,-160,+140,2016,6
"October 16, 2016 1:00 PM",Steelers,-7.5,at Dolphins,49.5,-351,+275,2016,6
"October 16, 2016 1:00 PM",at Patriots,-7.5,Bengals,48.0,+280,-350,2016,6
"October 16, 2016 1:00 PM",Panthers,-2.5,at Saints,53.5,-145,+125,2016,6
"October 16, 2016 1:00 PM",at Giants,-3.5,Ravens,42.5,+165,-200,2016,6
"October 16, 2016 1:00 PM",at Bills,-7.5,49ers,44.5,+280,-345,2016,6
"October 16, 2016 1:00 PM",at Bears,-2.5,Jaguars,46.5,+115,-135,2016,6
"October 16, 2016 1:00 PM",at Lions,-2.5,Rams,44.5,+125,-145,2016,6
"October 16, 2016 1:00 PM",at Titans,-7.5,Browns,44.5,+260,-320,2016,6
"October 16, 2016 1:00 PM",Eagles,-3.0,at Redskins,45.0,-155,+135,2016,6
"October 16, 2016 4:05 PM",Chiefs,-2.0,at Raiders,46.5,-130,+105,2016,6
"October 16, 2016 4:25 PM",at Seahawks,-6.5,Falcons,45.5,+250,-300,2016,6
"October 16, 2016 4:25 PM",at Packers,-5.5,Cowboys,47.5,+190,-240,2016,6
"October 16, 2016 8:30 PM",at Texans,-3.0,Colts,48.0,+145,-165,2016,6
"October 17, 2016 8:30 PM",at Cardinals,-7.0,Jets,45.5,+280,-335,2016,6
"October 20, 2016 8:25 PM",at Packers,-7.5,Bears,46.5,+280,-350,2016,7
"October 23, 2016 9:30 AM",Giants,-3.0,at Rams,44.5,-145,+125,2016,7
"October 23, 2016 1:00 PM",Bills,-2.5,at Dolphins,46.0,-140,+120,2016,7
"October 23, 2016 1:00 PM",at Jets,-2.5,Ravens,40.0,+120,-141,2016,7
"October 23, 2016 1:00 PM",Vikings,-3.0,at Eagles,39.0,-157,+130,2016,7
"October 23, 2016 1:00 PM",at Bengals,-11.0,Browns,46.5,+400,-600,2016,7
"October 23, 2016 1:00 PM",at Jaguars,-2.0,Raiders,48.0,+110,-130,2016,7
"October 23, 2016 1:00 PM",at Chiefs,-6.5,Saints,51.5,+220,-270,2016,7
"October 23, 2016 1:00 PM",Redskins,-1.0,at Lions,50.0,-105,-105,2016,7
"October 23, 2016 1:00 PM",at Titans,-4.0,Colts,48.5,+170,-200,2016,7
"October 23, 2016 4:05 PM",at 49ers,-1.0,Buccaneers,45.0,-105,-115,2016,7
"October 23, 2016 4:05 PM",at Falcons,-4.5,Chargers,53.0,+180,-222,2016,7
"October 23, 2016 4:25 PM",Patriots,-7.0,at Steelers,49.5,-333,+265,2016,7
"October 23, 2016 8:30 PM",at Cardinals,-1.5,Seahawks,43.0,+105,-125,2016,7
"October 24, 2016 8:30 PM",at Broncos,-8.5,Texans,40.0,+320,-400,2016,7
"October 27, 2016 8:25 PM",at Titans,-3.0,Jaguars,43.5,+130,-150,2016,8
"October 30, 2016 9:30 AM",at Bengals,-3.0,Redskins,49.0,+140,-160,2016,8
"October 30, 2016 1:00 PM",Jets,-2.5,at Browns,45.5,-140,+120,2016,8
"October 30, 2016 1:00 PM",Patriots,-5.5,at Bills,48.0,-238,+210,2016,8
"October 30, 2016 1:00 PM",at Panthers,-2.5,Cardinals,45.5,+115,-135,2016,8
"October 30, 2016 1:00 PM",at Texans,-2.0,Lions,46.5,+105,-125,2016,8
"October 30, 2016 1:00 PM",Chiefs,-3.0,at Colts,50.5,-143,+130,2016,8
"October 30, 2016 1:00 PM",Seahawks,-1.0,at Saints,50.0,-115,-105,2016,8
"October 30, 2016 1:00 PM",at Buccaneers,-0.0,Raiders,48.5,-110,-110,2016,8
"October 30, 2016 4:05 PM",at Broncos,-4.0,Chargers,43.0,+170,-200,2016,8
"October 30, 2016 4:25 PM",at Falcons,-3.0,Packers,51.0,+140,-160,2016,8
"October 30, 2016 8:30 PM",at Cowboys,-5.0,Eagles,44.0,+190,-230,2016,8
"October 31, 2016 8:30 PM",Vikings,-5.0,at Bears,39.5,-240,+190,2016,8
"November 3, 2016 8:25 PM",Falcons,-3.5,at Buccaneers,50.5,-180,+160,2016,9
"November 6, 2016 1:00 PM",Steelers,-3.0,at Ravens,46.5,-170,+150,2016,9
"November 6, 2016 1:00 PM",Cowboys,-7.0,at Browns,49.0,-330,+260,2016,9
"November 6, 2016 1:00 PM",at Chiefs,-7.0,Jaguars,43.0,+270,-330,2016,9
"November 6, 2016 1:00 PM",at Dolphins,-4.0,Jets,45.5,+170,-200,2016,9
"November 6, 2016 1:00 PM",at Vikings,-6.0,Lions,42.5,+218,-250,2016,9
"November 6, 2016 1:00 PM",at Giants,-3.0,Eagles,43.0,+135,-155,2016,9
"November 6, 2016 4:05 PM",Panthers,-3.0,at Rams,44.5,-156,+140,2016,9
"November 6, 2016 4:05 PM",Saints,-5.0,at 49ers,53.0,-230,+195,2016,9
"November 6, 2016 4:25 PM",at Chargers,-3.5,Titans,47.5,+170,-185,2016,9
"November 6, 2016 4:25 PM",at Packers,-7.5,Colts,52.0,+270,-345,2016,9
"November 6, 2016 8:30 PM",at Raiders,-1.0,Broncos,44.5,-105,-115,2016,9
"November 7, 2016 8:30 PM",at Seahawks,-6.0,Bills,43.5,+210,-260,2016,9
"November 10, 2016 8:25 PM",at Ravens,-7.5,Browns,44.0,+290,-350,2016,10
"November 13, 2016 1:00 PM",at Panthers,-3.0,Chiefs,44.0,+145,-155,2016,10
"November 13, 2016 1:00 PM",at Jaguars,-2.5,Texans,42.5,+130,-150,2016,10
"November 13, 2016 1:00 PM",at Saints,-3.0,Broncos,49.5,+135,-155,2016,10
"November 13, 2016 1:00 PM",Rams,-1.0,at Jets,39.0,-120,+100,2016,10
"November 13, 2016 1:00 PM",at Eagles,-1.0,Falcons,49.0,+106,-125,2016,10
"November 13, 2016 1:00 PM",Bears,-2.5,at Buccaneers,45.0,-140,+120,2016,10
"November 13, 2016 1:00 PM",Packers,-3.0,at Titans,48.5,-149,+135,2016,10
"November 13, 2016 1:00 PM",at Redskins,-2.5,Vikings,42.0,+125,-145,2016,10
"November 13, 2016 4:05 PM",at Chargers,-4.5,Dolphins,49.0,+180,-210,2016,10
"November 13, 2016 4:25 PM",at Steelers,-3.0,Cowboys,50.5,+140,-160,2016,10
"November 13, 2016 4:25 PM",at Cardinals,-13.5,49ers,46.5,+625,-900,2016,10
"November 13, 2016 8:30 PM",at Patriots,-7.5,Seahawks,49.5,+275,-350,2016,10
"November 14, 2016 8:30 PM",Bengals,-1.0,at Giants,49.0,-118,-105,2016,10
"November 17, 2016 8:25 PM",at Panthers,-3.5,Saints,52.5,+167,-188,2016,11
"November 20, 2016 1:00 PM",at Bengals,-2.5,Bills,48.0,+120,-140,2016,11
"November 20, 2016 1:00 PM",Steelers,-8.5,at Browns,44.5,-400,+300,2016,11
"November 20, 2016 1:00 PM",at Cowboys,-7.0,Ravens,44.5,+270,-300,2016,11
"November 20, 2016 1:00 PM",at Lions,-5.5,Jaguars,47.0,+200,-240,2016,11
"November 20, 2016 1:00 PM",at Colts,-3.0,Titans,53.5,+120,-145,2016,11
"November 20, 2016 1:00 PM",at Chiefs,-7.0,Buccaneers,45.0,+250,-300,2016,11
"November 20, 2016 1:00 PM",at Vikings,-2.0,Cardinals,40.0,+110,-130,2016,11
"November 20, 2016 1:00 PM",at Giants,-7.0,Bears,41.5,+240,-295,2016,11
"November 20, 2016 4:05 PM",Dolphins,-1.0,at Rams,38.5,-115,-105,2016,11
"November 20, 2016 4:25 PM",at Seahawks,-6.5,Eagles,43.0,+235,-275,2016,11
"November 20, 2016 4:25 PM",Patriots,-11.5,at 49ers,51.5,-588,+400,2016,11
"November 20, 2016 8:30 PM",at Redskins,-3.0,Packers,48.0,+130,-150,2016,11
"November 21, 2016 8:30 PM",at Raiders,-6.5,Texans,45.5,+250,-300,2016,11
"November 24, 2016 12:30 PM",at Lions,-2.5,Vikings,42.5,+113,-125,2016,12
"November 24, 2016 4:30 PM",at Cowboys,-5.5,Redskins,52.5,+210,-250,2016,12
"November 24, 2016 8:30 PM",Steelers,-8.5,at Colts,50.0,-450,+330,2016,12
"November 27, 2016 1:00 PM",at Dolphins,-7.0,49ers,44.5,+290,-350,2016,12
"November 27, 2016 1:00 PM",at Saints,-8.0,Rams,44.5,+300,-400,2016,12
"November 27, 2016 1:00 PM",Chargers,-2.5,at Texans,46.0,-140,+120,2016,12
"November 27, 2016 1:00 PM",at Falcons,-4.0,Cardinals,49.0,+160,-200,2016,12
"November 27, 2016 1:00 PM",at Ravens,-3.5,Bengals,41.5,+160,-180,2016,12
"November 27, 2016 1:00 PM",at Bills,-8.5,Jaguars,44.0,+330,-400,2016,12
"November 27, 2016 1:00 PM",Titans,-6.5,at Bears,42.0,-270,+230,2016,12
"November 27, 2016 1:00 PM",Giants,-6.5,at Browns,46.0,-286,+230,2016,12
"November 27, 2016 4:05 PM",Seahawks,-5.0,at Buccaneers,46.0,-230,+190,2016,12
"November 27, 2016 4:25 PM",Patriots,-9.0,at Jets,48.0,-450,+350,2016,12
"November 27, 2016 4:25 PM",at Raiders,-3.5,Panthers,48.0,+157,-180,2016,12
"November 27, 2016 8:30 PM",at Broncos,-3.5,Chiefs,40.0,+165,-190,2016,12
"November 28, 2016 8:30 PM",at Eagles,-4.0,Packers,47.0,+170,-200,2016,12
"December 1, 2016 8:25 PM",Cowboys,-3.0,at Vikings,43.5,-155,+135,2016,13
"December 4, 2016 1:00 PM",at Patriots,-13.0,Rams,44.5,+600,-900,2016,13
"December 4, 2016 1:00 PM",at Saints,-6.5,Lions,53.5,+220,-270,2016,13
"December 4, 2016 1:00 PM",at Falcons,-5.0,Chiefs,50.0,+187,-217,2016,13
"December 4, 2016 1:00 PM",at Ravens,-3.5,Dolphins,41.5,+160,-180,2016,13
"December 4, 2016 1:00 PM",49ers,-1.0,at Bears,44.0,-120,+100,2016,13
"December 4, 2016 1:00 PM",at Bengals,-1.5,Eagles,42.0,+105,-125,2016,13
"December 4, 2016 1:00 PM",at Packers,-6.5,Texans,44.5,+241,-307,2016,13
"December 4, 2016 1:00 PM",Broncos,-3.5,at Jaguars,38.5,-185,+165,2016,13
"December 4, 2016 4:05 PM",at Raiders,-3.0,Bills,48.5,+145,-165,2016,13
"December 4, 2016 4:25 PM",at Steelers,-6.5,Giants,50.0,+230,-300,2016,13
"December 4, 2016 4:25 PM",at Cardinals,-2.5,Redskins,48.5,+115,-135,2016,13
"December 4, 2016 4:25 PM",at Chargers,-3.5,Buccaneers,49.0,+155,-175,2016,13
"December 4, 2016 8:30 PM",at Seahawks,-8.0,Panthers,43.5,+300,-380,2016,13
"December 5, 2016 8:30 PM",at Jets,-1.5,Colts,48.5,+100,-125,2016,13
"December 8, 2016 8:25 PM",at Chiefs,-3.5,Raiders,46.0,+163,-200,2016,14
"December 11, 2016 1:00 PM",at Colts,-6.5,Texans,47.5,+220,-280,2016,14
"December 11, 2016 1:00 PM",Vikings,-3.0,at Jaguars,38.0,-188,+150,2016,14
"December 11, 2016 1:00 PM",Steelers,-2.0,at Bills,46.0,-125,+105,2016,14
"December 11, 2016 1:00 PM",at Panthers,-1.0,Chargers,48.5,+100,-120,2016,14
"December 11, 2016 1:00 PM",Bengals,-4.5,at Browns,41.5,-205,+175,2016,14
"December 11, 2016 1:00 PM",at Lions,-7.5,Bears,42.0,+280,-350,2016,14
"December 11, 2016 1:00 PM",Cardinals,-2.0,at Dolphins,44.0,-128,+108,2016,14
"December 11, 2016 1:00 PM",Redskins,-2.5,at Eagles,48.5,-133,+110,2016,14
"December 11, 2016 1:00 PM",at Titans,-2.0,Broncos,44.0,+110,-130,2016,14
"December 11, 2016 4:05 PM",at 49ers,-2.5,Jets,43.0,+135,-145,2016,14
"December 11, 2016 4:25 PM",at Buccaneers,-2.5,Saints,51.5,+115,-135,2016,14
"December 11, 2016 4:25 PM",Seahawks,-3.0,at Packers,46.0,-155,+135,2016,14
"December 11, 2016 4:25 PM",Falcons,-5.0,at Rams,44.0,-220,+190,2016,14
"December 11, 2016 8:30 PM",Cowboys,-3.5,at Giants,47.0,-185,+165,2016,14
"December 12, 2016 8:30 PM",at Patriots,-6.5,Ravens,45.0,+235,-275,2016,14
"December 15, 2016 8:25 PM",at Seahawks,-15.5,Rams,39.5,+900,-1600,2016,15
"December 17, 2016 8:25 PM",Dolphins,-2.5,at Jets,39.5,-150,+125,2016,15
"December 18, 2016 1:00 PM",at Vikings,-5.5,Colts,45.0,+195,-240,2016,15
"December 18, 2016 1:00 PM",at Giants,-4.0,Lions,41.5,+180,-200,2016,15
"December 18, 2016 1:00 PM",at Ravens,-5.0,Eagles,41.0,+195,-240,2016,15
"December 18, 2016 1:00 PM",at Bills,-10.5,Browns,43.0,+350,-500,2016,15
"December 18, 2016 1:00 PM",Packers,-4.5,at Bears,40.0,-230,+190,2016,15
"December 18, 2016 1:00 PM",Steelers,-3.0,at Bengals,45.5,-175,+140,2016,15
"December 18, 2016 1:00 PM",at Texans,-3.5,Jaguars,39.5,+155,-189,2016,15
"December 18, 2016 1:00 PM",at Chiefs,-6.0,Titans,42.5,+220,-260,2016,15
"December 18, 2016 4:05 PM",at Cardinals,-3.0,Saints,48.0,+135,-160,2016,15
"December 18, 2016 4:05 PM",at Falcons,-14.0,49ers,51.5,+700,-1100,2016,15
"December 18, 2016 4:25 PM",Raiders,-2.5,at Chargers,50.0,-143,+115,2016,15
"December 18, 2016 4:25 PM",Patriots,-3.0,at Broncos,43.0,-165,+135,2016,15
"December 18, 2016 8:30 PM",at Cowboys,-6.5,Buccaneers,47.5,+240,-300,2016,15
"December 19, 2016 8:30 PM",at Redskins,-7.0,Panthers,50.5,+255,-320,2016,15
"December 22, 2016 8:25 PM",at Eagles,-1.0,Giants,42.5,-110,-110,2016,16
"December 24, 2016 1:00 PM",at Patriots,-17.0,Jets,45.0,+1000,-2000,2016,16
"December 24, 2016 1:00 PM",at Bills,-4.5,Dolphins,44.0,+190,-220,2016,16
"December 24, 2016 1:00 PM",Falcons,-3.0,at Panthers,48.5,-165,+135,2016,16
"December 24, 2016 1:00 PM",Redskins,-3.0,at Bears,49.0,-163,+130,2016,16
"December 24, 2016 1:00 PM",Chargers,-4.5,at Browns,46.0,-210,+180,2016,16
"December 24, 2016 1:00 PM",at Packers,-6.5,Vikings,44.5,+230,-295,2016,16
"December 24, 2016 1:00 PM",Titans,-4.5,at Jaguars,44.0,-220,+180,2016,16
"December 24, 2016 4:05 PM",at Raiders,-3.5,Colts,51.5,+165,-185,2016,16
"December 24, 2016 4:25 PM",at Rams,-5.0,49ers,39.5,+200,-240,2016,16
"December 24, 2016 4:25 PM",at Saints,-3.0,Buccaneers,53.0,+155,-175,2016,16
"December 24, 2016 4:25 PM",at Seahawks,-8.0,Cardinals,43.5,+300,-400,2016,16
"December 24, 2016 8:25 PM",at Texans,-3.0,Bengals,41.5,+135,-155,2016,16
"December 25, 2016 4:30 PM",at Steelers,-6.0,Ravens,46.5,+225,-300,2016,16
"December 25, 2016 8:30 PM",at Chiefs,-3.5,Broncos,37.5,+160,-185,2016,16
"December 26, 2016 8:30 PM",at Cowboys,-6.5,Lions,46.5,+225,-265,2016,16
"January 1, 2017 1:00 PM",Ravens,-1.5,at Bengals,40.5,-125,+105,2016,17
"January 1, 2017 1:00 PM",at Colts,-5.5,Jaguars,48.5,+210,-260,2016,17
"January 1, 2017 1:00 PM",Patriots,-8.0,at Dolphins,47.0,-400,+300,2016,17
"January 1, 2017 1:00 PM",at Vikings,-6.5,Bears,43.5,+210,-260,2016,17
"January 1, 2017 1:00 PM",Bills,-4.5,at Jets,43.0,-222,+180,2016,17
"January 1, 2017 1:00 PM",at Eagles,-6.5,Cowboys,44.0,+230,-270,2016,17
"January 1, 2017 1:00 PM",at Steelers,-3.0,Browns,41.5,+135,-155,2016,17
"January 1, 2017 1:00 PM",at Buccaneers,-3.0,Panthers,44.5,+135,-155,2016,17
"January 1, 2017 1:00 PM",at Titans,-3.0,Texans,41.0,+140,-160,2016,17
"January 1, 2017 4:25 PM",at Redskins,-7.5,Giants,47.5,+314,-360,2016,17
"January 1, 2017 4:25 PM",at Falcons,-7.5,Saints,58.5,+275,-350,2016,17
"January 1, 2017 4:25 PM",Seahawks,-11.5,at 49ers,43.5,-600,+450,2016,17
"January 1, 2017 4:25 PM",Chiefs,-5.5,at Chargers,44.5,-233,+205,2016,17
"January 1, 2017 4:25 PM",Cardinals,-7.0,at Rams,39.0,-320,+260,2016,17
"January 1, 2017 4:25 PM",at Broncos,-1.0,Raiders,40.0,-105,-115,2016,17
"January 1, 2017 8:30 PM",Packers,-3.5,at Lions,50.5,-200,+170,2016,17
"September 7, 2017 8:30 PM",at Patriots,-9.0,Chiefs,48.0,+400,-450,2017,1
"September 10, 2017 1:00 PM",Buccaneers,-2.5,at Dolphins,41.5,-140,+120,2017,1
"September 10, 2017 1:00 PM",at Titans,-2.5,Raiders,50.5,+127,-137,2017,1
"September 10, 2017 1:00 PM",Eagles,-1.5,at Redskins,49.5,-120,+110,2017,1
"September 10, 2017 1:00 PM",at Bills,-7.5,Jets,42.5,+325,-360,2017,1
"September 10, 2017 1:00 PM",Falcons,-6.5,at Bears,48.0,-286,+258,2017,1
"September 10, 2017 1:00 PM",at Bengals,-2.5,Ravens,41.5,+125,-135,2017,1
"September 10, 2017 1:00 PM",Steelers,-10.0,at Browns,47.0,-485,+425,2017,1
"September 10, 2017 1:00 PM",Cardinals,-2.0,at Lions,48.5,-123,+113,2017,1
"September 10, 2017 1:00 PM",at Texans,-6.0,Jaguars,37.5,+210,-230,2017,1
"September 10, 2017 4:05 PM",at Rams,-3.0,Colts,41.5,+167,-178,2017,1
"September 10, 2017 4:25 PM",at Packers,-2.5,Seahawks,49.5,+120,-130,2017,1
"September 10, 2017 4:25 PM",Panthers,-4.5,at 49ers,45.0,-200,+185,2017,1
"September 10, 2017 8:30 PM",at Cowboys,-5.5,Giants,46.0,+215,-235,2017,1
"September 11, 2017 7:10 PM",at Vikings,-3.0,Saints,47.5,+155,-165,2017,1
"September 11, 2017 10:20 PM",at Broncos,-3.0,Chargers,42.0,+133,-143,2017,1
"September 14, 2017 8:25 PM",at Bengals,-5.5,Texans,38.5,+200,-220,2017,2
"September 17, 2017 1:00 PM",at Ravens,-7.5,Browns,39.5,+295,-325,2017,2
"September 17, 2017 1:00 PM",at Panthers,-6.5,Bills,43.5,+248,-270,2017,2
"September 17, 2017 1:00 PM",Cardinals,-6.5,at Colts,43.5,-280,+255,2017,2
"September 17, 2017 1:00 PM",Titans,-1.5,at Jaguars,41.5,-118,+108,2017,2
"September 17, 2017 1:00 PM",at Chiefs,-4.0,Eagles,46.5,+175,-190,2017,2
"September 17, 2017 1:00 PM",Patriots,-5.5,at Saints,55.0,-230,+210,2017,2
"September 17, 2017 1:00 PM",at Steelers,-8.5,Vikings,43.0,+320,-355,2017,2
"September 17, 2017 1:00 PM",at Buccaneers,-7.0,Bears,44.0,+275,-305,2017,2
"September 17, 2017 4:05 PM",at Raiders,-14.0,Jets,43.5,+700,-900,2017,2
"September 17, 2017 4:05 PM",at Chargers,-3.5,Dolphins,46.5,+167,-178,2017,2
"September 17, 2017 4:25 PM",at Rams,-3.0,Redskins,46.5,+140,-150,2017,2
"September 17, 2017 4:25 PM",Cowboys,-2.5,at Broncos,44.0,-128,+118,2017,2
"September 17, 2017 4:25 PM",at Seahawks,-13.5,49ers,41.5,+725,-925,2017,2
"September 17, 2017 8:30 PM",at Falcons,-3.0,Packers,54.5,+158,-168,2017,2
"September 18, 2017 8:30 PM",at Giants,-3.0,Lions,42.5,+150,-160,2017,2
"September 21, 2017 8:25 PM",Rams,-3.0,at 49ers,40.5,-148,+138,2017,3
"September 24, 2017 9:30 AM",Ravens,-3.0,at Jaguars,38.0,-160,+150,2017,3
"September 24, 2017 1:00 PM",Browns,-1.0,at Colts,42.0,-105,-105,2017,3
"September 24, 2017 1:00 PM",Broncos,-3.5,at Bills,40.0,-170,+160,2017,3
"September 24, 2017 1:00 PM",at Panthers,-5.0,Saints,46.5,+205,-225,2017,3
"September 24, 2017 1:00 PM",Steelers,-7.0,at Bears,43.5,-300,+270,2017,3
"September 24, 2017 1:00 PM",Falcons,-3.0,at Lions,50.5,-157,+147,2017,3
"September 24, 2017 1:00 PM",Buccaneers,-1.0,at Vikings,41.0,-105,-105,2017,3
"September 24, 2017 1:00 PM",at Patriots,-13.5,Texans,44.5,+700,-900,2017,3
"September 24, 2017 1:00 PM",Dolphins,-5.5,at Jets,43.0,-220,+200,2017,3
"September 24, 2017 1:00 PM",at Eagles,-5.0,Giants,42.0,+195,-215,2017,3
"September 24, 2017 4:05 PM",at Titans,-2.5,Seahawks,41.5,+118,-128,2017,3
"September 24, 2017 4:25 PM",at Packers,-7.0,Bengals,47.5,+300,-330,2017,3
"September 24, 2017 4:25 PM",Chiefs,-3.0,at Chargers,47.5,-145,+135,2017,3
"September 24, 2017 8:30 PM",Raiders,-3.0,at Redskins,53.5,-173,+163,2017,3
"September 25, 2017 8:30 PM",Cowboys,-3.0,at Cardinals,46.5,-146,+136,2017,3
"September 28, 2017 8:25 PM",at Packers,-7.0,Bears,44.0,+315,-345,2017,4
"October 1, 2017 9:30 AM",Saints,-4.0,at Dolphins,52.0,-190,+175,2017,4
"October 1, 2017 1:00 PM",at Vikings,-2.5,Lions,43.5,+135,-145,2017,4
"October 1, 2017 1:00 PM",at Patriots,-9.0,Panthers,48.0,+410,-460,2017,4
"October 1, 2017 1:00 PM",Jaguars,-4.0,at Jets,38.5,-190,+175,2017,4
"October 1, 2017 1:00 PM",Titans,-2.5,at Texans,43.5,-140,+130,2017,4
"October 1, 2017 1:00 PM",at Falcons,-8.0,Bills,48.0,+328,-365,2017,4
"October 1, 2017 1:00 PM",Steelers,-3.5,at Ravens,42.0,-185,+170,2017,4
"October 1, 2017 1:00 PM",Bengals,-3.5,at Browns,41.5,-170,+160,2017,4
"October 1, 2017 1:00 PM",at Cowboys,-5.5,Rams,50.5,+215,-235,2017,4
"October 1, 2017 4:05 PM",at Cardinals,-6.5,49ers,43.5,+235,-255,2017,4
"October 1, 2017 4:05 PM",at Chargers,-2.0,Eagles,48.0,+116,-126,2017,4
"October 1, 2017 4:05 PM",at Buccaneers,-2.5,Giants,45.5,+120,-130,2017,4
"October 1, 2017 4:25 PM",at Broncos,-3.5,Raiders,43.5,+170,-185,2017,4
"October 1, 2017 8:30 PM",at Seahawks,-12.0,Colts,41.5,+650,-825,2017,4
"October 2, 2017 8:30 PM",at Chiefs,-6.5,Redskins,48.0,+260,-290,2017,4
"October 5, 2017 8:25 PM",Patriots,-3.5,at Buccaneers,54.5,-185,+170,2017,5
"October 8, 2017 1:00 PM",at Eagles,-6.0,Cardinals,44.5,+230,-250,2017,5
"October 8, 2017 1:00 PM",at Steelers,-7.0,Jaguars,41.0,+280,-310,2017,5
"October 8, 2017 1:00 PM",at Bengals,-3.0,Bills,39.5,+140,-150,2017,5
"October 8, 2017 1:00 PM",Jets,-1.5,at Browns,41.5,-120,+110,2017,5
"October 8, 2017 1:00 PM",at Lions,-2.0,Panthers,41.5,+113,-123,2017,5
"October 8, 2017 1:00 PM",49ers,-1.0,at Colts,43.5,+105,-115,2017,5
"October 8, 2017 1:00 PM",Titans,-1.0,at Dolphins,41.5,+104,-114,2017,5
"October 8, 2017 1:00 PM",at Giants,-3.0,Chargers,45.5,+150,-160,2017,5
"October 8, 2017 4:05 PM",at Raiders,-3.0,Ravens,40.5,+140,-150,2017,5
"October 8, 2017 4:05 PM",at Rams,-2.0,Seahawks,46.5,+113,-123,2017,5
"October 8, 2017 4:25 PM",at Cowboys,-2.5,Packers,52.0,+123,-133,2017,5
"October 8, 2017 8:30 PM",Chiefs,-1.5,at Texans,45.5,-120,+110,2017,5
"October 9, 2017 8:30 PM",Vikings,-3.5,at Bears,41.0,-185,+170,2017,5
"October 12, 2017 8:25 PM",at Panthers,-3.0,Eagles,44.0,+135,-145,2017,6
"October 15, 2017 1:00 PM",at Falcons,-14.0,Dolphins,46.0,+680,-870,2017,6
"October 15, 2017 1:00 PM",at Ravens,-5.0,Bears,39.5,+190,-210,2017,6
"October 15, 2017 1:00 PM",Packers,-3.0,at Vikings,46.0,-152,+142,2017,6
"October 15, 2017 1:00 PM",at Saints,-5.5,Lions,50.5,+210,-230,2017,6
"October 15, 2017 1:00 PM",Patriots,-9.5,at Jets,48.5,-420,+375,2017,6
"October 15, 2017 1:00 PM",at Texans,-7.0,Browns,46.0,+310,-340,2017,6
"October 15, 2017 1:00 PM",at Redskins,-11.5,49ers,46.5,+475,-560,2017,6
"October 15, 2017 4:05 PM",Buccaneers,-2.5,at Cardinals,46.5,-135,+125,2017,6
"October 15, 2017 4:05 PM",Rams,-1.0,at Jaguars,42.0,+103,-113,2017,6
"October 15, 2017 4:25 PM",at Chiefs,-3.5,Steelers,46.0,+168,-180,2017,6
"October 15, 2017 4:25 PM",at Raiders,-3.0,Chargers,48.0,+145,-155,2017,6
"October 15, 2017 8:30 PM",at Broncos,-13.5,Giants,37.5,+590,-735,2017,6
"October 16, 2017 8:30 PM",at Titans,-6.5,Colts,46.0,+248,-270,2017,6
"October 19, 2017 8:25 PM",Chiefs,-3.0,at Raiders,46.5,-145,+135,2017,7
"October 22, 2017 1:00 PM",at Bills,-3.0,Buccaneers,46.5,+155,-165,2017,7
"October 22, 2017 1:00 PM",Panthers,-2.5,at Bears,39.5,-145,+135,2017,7
"October 22, 2017 1:00 PM",Titans,-6.0,at Browns,42.5,-230,+210,2017,7
"October 22, 2017 1:00 PM",Saints,-3.5,at Packers,45.5,-175,+165,2017,7
"October 22, 2017 1:00 PM",Jaguars,-3.0,at Colts,41.0,-150,+140,2017,7
"October 22, 2017 1:00 PM",at Rams,-3.0,Cardinals,45.5,+150,-160,2017,7
"October 22, 2017 1:00 PM",at Dolphins,-3.0,Jets,40.0,+145,-155,2017,7
"October 22, 2017 1:00 PM",at Vikings,-5.5,Ravens,37.5,+210,-230,2017,7
"October 22, 2017 4:05 PM",Cowboys,-6.0,at 49ers,48.0,-260,+240,2017,7
"October 22, 2017 4:25 PM",Seahawks,-3.5,at Giants,38.5,-185,+170,2017,7
"October 22, 2017 4:25 PM",at Steelers,-4.5,Bengals,40.0,+190,-210,2017,7
"October 22, 2017 4:25 PM",Broncos,-1.0,at Chargers,41.0,-107,-103,2017,7
"October 22, 2017 8:30 PM",at Patriots,-2.5,Falcons,56.5,+130,-140,2017,7
"October 23, 2017 8:30 PM",at Eagles,-5.5,Redskins,48.5,+205,-225,2017,7
"October 26, 2017 8:25 PM",at Ravens,-3.0,Dolphins,38.0,+140,-150,2017,8
"October 29, 2017 9:30 AM",Vikings,-11.0,at Browns,38.5,-525,+450,2017,8
"October 29, 2017 1:00 PM",at Bills,-2.0,Raiders,47.5,+112,-122,2017,8
"October 29, 2017 1:00 PM",at Bengals,-10.5,Colts,44.0,+420,-475,2017,8
"October 29, 2017 1:00 PM",at Patriots,-6.5,Chargers,49.0,+245,-265,2017,8
"October 29, 2017 1:00 PM",at Saints,-7.5,Bears,46.0,+320,-355,2017,8
"October 29, 2017 1:00 PM",Falcons,-6.5,at Jets,44.0,-280,+255,2017,8
"October 29, 2017 1:00 PM",at Eagles,-12.5,49ers,45.0,+600,-750,2017,8
"October 29, 2017 1:00 PM",Panthers,-1.5,at Buccaneers,46.0,+108,-118,2017,8
"October 29, 2017 4:05 PM",at Seahawks,-6.0,Texans,45.0,+240,-260,2017,8
"October 29, 2017 4:25 PM",Cowboys,-3.0,at Redskins,46.5,-158,+148,2017,8
"October 29, 2017 8:30 PM",Steelers,-3.0,at Lions,44.5,-165,+155,2017,8
"October 30, 2017 8:30 PM",at Chiefs,-7.0,Broncos,42.0,+285,-315,2017,8
"November 2, 2017 8:25 PM",Bills,-3.0,at Jets,42.0,-170,+160,2017,9
"November 5, 2017 1:00 PM",at Eagles,-7.0,Broncos,41.0,+265,-295,2017,9
"November 5, 2017 1:00 PM",Falcons,-3.0,at Panthers,42.0,-150,+140,2017,9
"November 5, 2017 1:00 PM",at Texans,-6.0,Colts,45.0,+225,-245,2017,9
"November 5, 2017 1:00 PM",at Jaguars,-6.0,Bengals,38.0,+215,-235,2017,9
"November 5, 2017 1:00 PM",at Saints,-6.5,Buccaneers,54.5,+270,-300,2017,9
"November 5, 2017 1:00 PM",Rams,-6.0,at Giants,42.5,-245,+225,2017,9
"November 5, 2017 1:00 PM",at Titans,-3.0,Ravens,41.0,+150,-160,2017,9
"November 5, 2017 4:05 PM",at Seahawks,-8.0,Redskins,44.0,+335,-375,2017,9
"November 5, 2017 4:05 PM",Cardinals,-2.5,at 49ers,39.5,-128,+118,2017,9
"November 5, 2017 4:25 PM",at Cowboys,-2.5,Chiefs,53.0,+120,-130,2017,9
"November 5, 2017 8:30 PM",Raiders,-3.0,at Dolphins,44.5,-160,+150,2017,9
"November 6, 2017 8:30 PM",Lions,-2.5,at Packers,43.0,-130,+120,2017,9
"November 9, 2017 8:25 PM",Seahawks,-6.0,at Cardinals,40.0,-245,+225,2017,10
"November 12, 2017 1:00 PM",Saints,-2.0,at Bills,48.5,-123,+113,2017,10
"November 12, 2017 1:00 PM",at Lions,-10.0,Browns,42.5,+423,-480,2017,10
"November 12, 2017 1:00 PM",Steelers,-10.5,at Colts,47.0,-485,+425,2017,10
"November 12, 2017 1:00 PM",at Jaguars,-5.0,Chargers,41.0,+195,-215,2017,10
"November 12, 2017 1:00 PM",at Bears,-4.5,Packers,37.5,+185,-200,2017,10
"November 12, 2017 1:00 PM",Jets,-1.5,at Buccaneers,44.5,+110,-120,2017,10
"November 12, 2017 1:00 PM",at Titans,-4.5,Bengals,40.5,+190,-210,2017,10
"November 12, 2017 1:00 PM",Vikings,-1.0,at Redskins,42.5,-105,-105,2017,10
"November 12, 2017 4:05 PM",at Rams,-12.5,Texans,44.5,+525,-635,2017,10
"November 12, 2017 4:25 PM",Giants,-3.0,at 49ers,41.5,-155,+145,2017,10
"November 12, 2017 4:25 PM",at Falcons,-3.5,Cowboys,48.5,+170,-185,2017,10
"November 12, 2017 8:30 PM",Patriots,-7.0,at Broncos,44.5,-295,+265,2017,10
"November 13, 2017 8:30 PM",at Panthers,-8.0,Dolphins,38.5,+330,-370,2017,10
"November 16, 2017 8:25 PM",at Steelers,-7.0,Titans,44.5,+275,-305,2017,11
"November 19, 2017 1:00 PM",Lions,-3.0,at Bears,41.0,-160,+150,2017,11
"November 19, 2017 1:00 PM",Jaguars,-7.0,at Browns,37.0,-315,+285,2017,11
"November 19, 2017 1:00 PM",Ravens,-2.5,at Packers,38.5,-129,+119,2017,11
"November 19, 2017 1:00 PM",at Texans,-2.5,Cardinals,38.5,+119,-129,2017,11
"November 19, 2017 1:00 PM",Buccaneers,-1.0,at Dolphins,43.5,-115,+105,2017,11
"November 19, 2017 1:00 PM",Rams,-1.5,at Vikings,46.0,+110,-120,2017,11
"November 19, 2017 1:00 PM",at Saints,-9.5,Redskins,53.0,+335,-375,2017,11
"November 19, 2017 1:00 PM",Chiefs,-9.5,at Giants,44.5,-420,+375,2017,11
"November 19, 2017 4:05 PM",at Chargers,-7.0,Bills,41.5,+270,-300,2017,11
"November 19, 2017 4:25 PM",Patriots,-7.0,at Raiders,54.5,-305,+275,2017,11
"November 19, 2017 4:25 PM",at Broncos,-2.5,Bengals,37.5,+130,-140,2017,11
"November 19, 2017 8:30 PM",Eagles,-6.0,at Cowboys,48.0,-250,+230,2017,11
"November 20, 2017 8:30 PM",Falcons,-1.0,at Seahawks,46.0,-117,+107,2017,11
"November 23, 2017 12:30 PM",Vikings,-2.5,at Lions,45.5,-135,+125,2017,12
"November 23, 2017 4:30 PM",Chargers,-1.0,at Cowboys,46.5,-115,+105,2017,12
"November 23, 2017 8:30 PM",at Redskins,-7.0,Giants,44.0,+265,-295,2017,12
"November 26, 2017 1:00 PM",at Patriots,-16.5,Dolphins,49.0,+1050,-1300,2017,12
"November 26, 2017 1:00 PM",Panthers,-5.5,at Jets,39.0,-230,+210,2017,12
"November 26, 2017 1:00 PM",at Eagles,-13.5,Bears,43.0,+700,-900,2017,12
"November 26, 2017 1:00 PM",Titans,-3.0,at Colts,46.5,-165,+155,2017,12
"November 26, 2017 1:00 PM",at Chiefs,-8.0,Bills,47.0,+320,-355,2017,12
"November 26, 2017 1:00 PM",at Falcons,-10.0,Buccaneers,47.5,+420,-475,2017,12
"November 26, 2017 1:00 PM",at Bengals,-7.5,Browns,39.0,+300,-330,2017,12
"November 26, 2017 4:05 PM",Seahawks,-6.5,at 49ers,44.5,-290,+260,2017,12
"November 26, 2017 4:25 PM",at Raiders,-4.0,Broncos,41.0,+185,-200,2017,12
"November 26, 2017 4:25 PM",Jaguars,-6.0,at Cardinals,37.0,-250,+230,2017,12
"November 26, 2017 4:25 PM",at Rams,-2.5,Saints,54.0,+132,-142,2017,12
"November 26, 2017 8:30 PM",at Steelers,-14.0,Packers,43.0,+775,-975,2017,12
"November 27, 2017 8:30 PM",at Ravens,-7.5,Texans,39.5,+315,-345,2017,12
"November 30, 2017 8:25 PM",Redskins,-1.5,at Cowboys,47.0,-122,+112,2017,13
"December 3, 2017 1:00 PM",at Packers,-3.0,Buccaneers,45.5,+155,-165,2017,13
"December 3, 2017 1:00 PM",at Jaguars,-10.0,Colts,41.0,+400,-450,2017,13
"December 3, 2017 1:00 PM",at Falcons,-2.0,Vikings,48.5,+113,-123,2017,13
"December 3, 2017 1:00 PM",at Ravens,-2.5,Lions,43.0,+123,-133,2017,13
"December 3, 2017 1:00 PM",Patriots,-7.5,at Bills,49.0,-335,+305,2017,13
"December 3, 2017 1:00 PM",at Bears,-2.5,49ers,42.0,+130,-140,2017,13
"December 3, 2017 1:00 PM",Broncos,-1.5,at Dolphins,41.0,-120,+110,2017,13
"December 3, 2017 1:00 PM",Chiefs,-3.5,at Jets,44.0,-185,+170,2017,13
"December 3, 2017 1:00 PM",at Titans,-7.0,Texans,42.0,+255,-280,2017,13
"December 3, 2017 4:05 PM",at Chargers,-13.0,Browns,44.5,+660,-840,2017,13
"December 3, 2017 4:25 PM",Rams,-7.0,at Cardinals,43.0,-325,+295,2017,13
"December 3, 2017 4:25 PM",at Raiders,-10.0,Giants,43.0,+390,-440,2017,13
"December 3, 2017 4:25 PM",at Saints,-6.0,Panthers,47.5,+225,-245,2017,13
"December 3, 2017 8:30 PM",Eagles,-4.0,at Seahawks,46.5,-188,+173,2017,13
"December 4, 2017 8:30 PM",Steelers,-4.5,at Bengals,43.0,-210,+190,2017,13
"December 7, 2017 8:25 PM",at Falcons,-2.0,Saints,51.5,+120,-130,2017,14
"December 10, 2017 1:00 PM",at Bills,-3.5,Colts,36.5,+165,-175,2017,14
"December 10, 2017 1:00 PM",Vikings,-2.5,at Panthers,40.5,-128,+118,2017,14
"December 10, 2017 1:00 PM",at Bengals,-6.0,Bears,40.0,+230,-250,2017,14
"December 10, 2017 1:00 PM",Packers,-2.5,at Browns,38.5,-128,+118,2017,14
"December 10, 2017 1:00 PM",at Chiefs,-4.0,Raiders,48.5,+185,-200,2017,14
"December 10, 2017 1:00 PM",49ers,-1.5,at Texans,45.5,+108,-118,2017,14
"December 10, 2017 1:00 PM",Cowboys,-4.0,at Giants,42.5,-210,+190,2017,14
"December 10, 2017 1:00 PM",Lions,-1.0,at Buccaneers,48.0,-102,-108,2017,14
"December 10, 2017 4:05 PM",Titans,-2.5,at Cardinals,42.0,-140,+130,2017,14
"December 10, 2017 4:05 PM",at Chargers,-6.0,Redskins,46.5,+240,-260,2017,14
"December 10, 2017 4:05 PM",Jets,-1.0,at Broncos,40.5,-115,+105,2017,14
"December 10, 2017 4:25 PM",Eagles,-1.0,at Rams,47.5,-115,+105,2017,14
"December 10, 2017 4:25 PM",at Jaguars,-2.5,Seahawks,40.5,+130,-140,2017,14
"December 10, 2017 8:30 PM",at Steelers,-6.0,Ravens,43.0,+230,-250,2017,14
"December 11, 2017 8:30 PM",Patriots,-10.5,at Dolphins,48.0,-560,+475,2017,14
"December 14, 2017 8:25 PM",Broncos,-2.5,at Colts,40.5,-145,+135,2017,15
"December 16, 2017 4:30 PM",at Lions,-5.0,Bears,43.5,+210,-230,2017,15
"December 16, 2017 8:25 PM",Chargers,-1.0,at Chiefs,46.5,-105,-105,2017,15
"December 17, 2017 1:00 PM",at Vikings,-13.0,Bengals,43.0,+600,-750,2017,15
"December 17, 2017 1:00 PM",at Saints,-16.0,Jets,47.0,+955,-1155,2017,15
"December 17, 2017 1:00 PM",Eagles,-7.5,at Giants,41.0,-310,+280,2017,15
"December 17, 2017 1:00 PM",at Jaguars,-10.5,Texans,39.5,+435,-500,2017,15
"December 17, 2017 1:00 PM",at Bills,-3.5,Dolphins,39.5,+170,-185,2017,15
"December 17, 2017 1:00 PM",at Panthers,-3.0,Packers,46.5,+135,-145,2017,15
"December 17, 2017 1:00 PM",Ravens,-6.5,at Browns,42.5,-275,+250,2017,15
"December 17, 2017 1:00 PM",at Redskins,-4.0,Cardinals,40.0,+185,-200,2017,15
"December 17, 2017 4:05 PM",Rams,-1.0,at Seahawks,47.5,-105,-105,2017,15
"December 17, 2017 4:25 PM",at 49ers,-2.5,Titans,44.5,+125,-135,2017,15
"December 17, 2017 4:25 PM",Patriots,-2.5,at Steelers,53.0,-130,+120,2017,15
"December 17, 2017 8:30 PM",Cowboys,-3.0,at Raiders,46.5,-145,+135,2017,15
"December 18, 2017 8:30 PM",Falcons,-7.0,at Buccaneers,49.5,-320,+290,2017,15
"December 23, 2017 4:30 PM",at Ravens,-13.5,Colts,41.0,+725,-925,2017,16
"December 23, 2017 8:30 PM",Vikings,-9.0,at Packers,41.0,-415,+370,2017,16
"December 24, 2017 1:00 PM",Rams,-6.0,at Titans,46.0,-235,+215,2017,16
"December 24, 2017 1:00 PM",at Redskins,-3.0,Broncos,38.5,+155,-165,2017,16
"December 24, 2017 1:00 PM",at Panthers,-10.0,Buccaneers,47.0,+380,-430,2017,16
"December 24, 2017 1:00 PM",at Bears,-6.0,Browns,36.5,+215,-235,2017,16
"December 24, 2017 1:00 PM",Lions,-3.5,at Bengals,43.5,-165,+155,2017,16
"December 24, 2017 1:00 PM",at Chiefs,-11.0,Dolphins,43.5,+450,-525,2017,16
"December 24, 2017 1:00 PM",at Patriots,-11.0,Bills,47.5,+468,-550,2017,16
"December 24, 2017 1:00 PM",at Saints,-5.5,Falcons,52.0,+205,-225,2017,16
"December 24, 2017 1:00 PM",Chargers,-7.0,at Jets,42.5,-305,+275,2017,16
"December 24, 2017 4:05 PM",Jaguars,-4.0,at 49ers,43.0,-210,+190,2017,16
"December 24, 2017 4:25 PM",at Cardinals,-3.0,Giants,39.0,+158,-168,2017,16
"December 24, 2017 4:25 PM",at Cowboys,-4.0,Seahawks,47.5,+185,-200,2017,16
"December 25, 2017 4:30 PM",Steelers,-8.5,at Texans,45.5,-410,+365,2017,16
"December 25, 2017 8:30 PM",at Eagles,-10.0,Raiders,46.0,+405,-455,2017,16
"December 31, 2017 1:00 PM",at Vikings,-12.5,Bears,38.0,+670,-855,2017,17
"December 31, 2017 1:00 PM",at Patriots,-16.0,Jets,43.5,+1100,-1400,2017,17
"December 31, 2017 1:00 PM",Redskins,-5.0,at Giants,41.0,-220,+200,2017,17
"December 31, 2017 1:00 PM",Cowboys,-4.0,at Eagles,41.0,-190,+175,2017,17
"December 31, 2017 1:00 PM",at Steelers,-5.0,Browns,37.5,+195,-215,2017,17
"December 31, 2017 1:00 PM",at Lions,-7.5,Packers,45.0,+280,-310,2017,17
"December 31, 2017 1:00 PM",at Colts,-5.5,Texans,42.0,+215,-235,2017,17
"December 31, 2017 4:25 PM",at Chargers,-6.5,Raiders,43.0,+265,-295,2017,17
"December 31, 2017 4:25 PM",49ers,-6.0,at Rams,44.0,-250,+230,2017,17
"December 31, 2017 4:25 PM",Bills,-2.5,at Dolphins,41.5,-135,+125,2017,17
"December 31, 2017 4:25 PM",at Falcons,-5.0,Panthers,44.5,+205,-225,2017,17
"December 31, 2017 4:25 PM",at Ravens,-8.5,Bengals,40.0,+335,-375,2017,17
"December 31, 2017 4:25 PM",at Broncos,-3.0,Chiefs,37.5,+155,-165,2017,17
"December 31, 2017 4:25 PM",at Seahawks,-8.5,Cardinals,38.5,+328,-365,2017,17
"December 31, 2017 4:25 PM",Saints,-6.0,at Buccaneers,49.5,-260,+240,2017,17
"December 31, 2017 4:25 PM",at Titans,-2.5,Jaguars,40.5,+130,-140,2017,17
"September 6, 2018 8:20 PM",at Eagles,-1.0,Falcons,44.5,-104,-106,2018,1
"September 9, 2018 1:00 PM",at Dolphins,-1.0,Titans,43.5,-106,-104,2018,1
"September 9, 2018 1:00 PM",at Vikings,-6.0,49ers,46.5,+230,-259,2018,1
"September 9, 2018 1:00 PM",at Patriots,-6.0,Texans,49.5,+214,-240,2018,1
"September 9, 2018 1:00 PM",at Saints,-10.0,Buccaneers,50.0,+385,-450,2018,1
"September 9, 2018 1:00 PM",Jaguars,-2.5,at Giants,43.0,-141,+127,2018,1
"September 9, 2018 1:00 PM",at Ravens,-7.5,Bills,39.0,+309,-355,2018,1
"September 9, 2018 1:00 PM",Steelers,-3.5,at Browns,41.0,-177,+159,2018,1
"September 9, 2018 1:00 PM",Bengals,-1.0,at Colts,47.5,-105,-105,2018,1
"September 9, 2018 4:05 PM",at Chargers,-3.5,Chiefs,48.0,+161,-179,2018,1
"September 9, 2018 4:25 PM",at Cardinals,-2.0,Redskins,43.5,+125,-138,2018,1
"September 9, 2018 4:25 PM",at Broncos,-3.0,Seahawks,42.5,+159,-176,2018,1
"September 9, 2018 4:25 PM",at Panthers,-2.5,Cowboys,42.5,+147,-162,2018,1
"September 9, 2018 8:20 PM",at Packers,-7.0,Bears,45.0,+249,-282,2018,1
"September 10, 2018 7:10 PM",at Lions,-7.0,Jets,44.0,+281,-320,2018,1
"September 10, 2018 10:20 PM",Rams,-6.5,at Raiders,47.5,-255,+227,2018,1
"September 13, 2018 8:20 PM",Ravens,-1.0,at Bengals,43.0,-104,-106,2018,2
"September 16, 2018 1:00 PM",at Falcons,-5.5,Panthers,43.5,+209,-234,2018,2
"September 16, 2018 1:00 PM",Chargers,-7.5,at Bills,41.5,-307,+270,2018,2
"September 16, 2018 1:00 PM",Vikings,-2.0,at Packers,45.0,-120,+109,2018,2
"September 16, 2018 1:00 PM",at Saints,-9.5,Browns,51.0,+376,-439,2018,2
"September 16, 2018 1:00 PM",at Jets,-3.0,Dolphins,43.0,+145,-161,2018,2
"September 16, 2018 1:00 PM",at Steelers,-4.5,Chiefs,52.0,+181,-202,2018,2
"September 16, 2018 1:00 PM",Eagles,-3.0,at Buccaneers,46.5,-147,+133,2018,2
"September 16, 2018 1:00 PM",Texans,-3.5,at Titans,41.0,-176,+159,2018,2
"September 16, 2018 1:00 PM",at Redskins,-6.0,Colts,48.0,+213,-239,2018,2
"September 16, 2018 4:05 PM",at 49ers,-6.0,Lions,48.5,+210,-236,2018,2
"September 16, 2018 4:05 PM",at Rams,-13.5,Cardinals,43.5,+560,-687,2018,2
"September 16, 2018 4:25 PM",at Broncos,-5.5,Raiders,44.0,+209,-235,2018,2
"September 16, 2018 4:25 PM",Patriots,-2.0,at Jaguars,44.5,-127,+115,2018,2
"September 16, 2018 8:20 PM",at Cowboys,-3.0,Giants,42.0,+138,-152,2018,2
"September 17, 2018 8:15 PM",at Bears,-5.0,Seahawks,42.5,+209,-234,2018,2
"September 20, 2018 8:20 PM",at Browns,-3.0,Jets,41.0,+163,-173,2018,3
"September 23, 2018 1:00 PM",Saints,-1.5,at Falcons,54.0,+107,-117,2018,3
"September 23, 2018 1:00 PM",at Ravens,-5.5,Broncos,46.5,+200,-220,2018,3
"September 23, 2018 1:00 PM",at Panthers,-3.0,Bengals,44.0,+133,-143,2018,3
"September 23, 2018 1:00 PM",at Texans,-6.5,Giants,44.5,+235,-255,2018,3
"September 23, 2018 1:00 PM",at Jaguars,-10.0,Titans,39.5,+390,-440,2018,3
"September 23, 2018 1:00 PM",at Chiefs,-5.5,49ers,53.5,+225,-245,2018,3
"September 23, 2018 1:00 PM",at Dolphins,-2.5,Raiders,46.0,+128,-138,2018,3
"September 23, 2018 1:00 PM",at Vikings,-16.5,Bills,41.0,+950,-1150,2018,3
"September 23, 2018 1:00 PM",at Eagles,-6.0,Colts,45.0,+248,-270,2018,3
"September 23, 2018 1:00 PM",Packers,-2.0,at Redskins,46.5,-123,+113,2018,3
"September 23, 2018 4:05 PM",at Rams,-7.0,Chargers,49.0,+270,-300,2018,3
"September 23, 2018 4:25 PM",Bears,-5.5,at Cardinals,38.5,-220,+200,2018,3
"September 23, 2018 4:25 PM",Cowboys,-1.5,at Seahawks,40.0,+108,-118,2018,3
"September 23, 2018 8:20 PM",Patriots,-6.5,at Lions,55.0,-300,+270,2018,3
"September 24, 2018 8:15 PM",Steelers,-1.0,at Buccaneers,55.0,+100,-110,2018,3
"September 27, 2018 8:20 PM",at Rams,-7.0,Vikings,49.0,+260,-290,2018,4
"September 30, 2018 1:00 PM",at Patriots,-6.5,Dolphins,50.5,+255,-280,2018,4
"September 30, 2018 1:00 PM",Eagles,-2.5,at Titans,41.5,-135,+125,2018,4
"September 30, 2018 1:00 PM",at Falcons,-3.5,Bengals,52.5,+165,-175,2018,4
"September 30, 2018 1:00 PM",at Bears,-2.5,Buccaneers,45.5,+125,-135,2018,4
"September 30, 2018 1:00 PM",at Cowboys,-2.5,Lions,44.0,+120,-130,2018,4
"September 30, 2018 1:00 PM",at Packers,-9.5,Bills,44.0,+315,-345,2018,4
"September 30, 2018 1:00 PM",Texans,-1.0,at Colts,48.5,-114,+104,2018,4
"September 30, 2018 1:00 PM",at Jaguars,-7.0,Jets,40.5,+295,-325,2018,4
"September 30, 2018 4:05 PM",Seahawks,-3.5,at Cardinals,40.0,-185,+170,2018,4
"September 30, 2018 4:05 PM",at Raiders,-2.5,Browns,44.5,+123,-133,2018,4
"September 30, 2018 4:25 PM",Saints,-3.0,at Giants,52.0,-162,+152,2018,4
"September 30, 2018 4:25 PM",at Chargers,-9.5,49ers,46.5,+370,-415,2018,4
"September 30, 2018 8:20 PM",at Steelers,-3.0,Ravens,51.0,+145,-155,2018,4
"October 1, 2018 8:15 PM",Chiefs,-3.5,at Broncos,53.0,-180,+168,2018,4
"October 4, 2018 8:20 PM",at Patriots,-10.5,Colts,51.5,+402,-472,2018,5
"October 7, 2018 1:00 PM",at Chiefs,-3.0,Jaguars,49.0,+150,-166,2018,5
"October 7, 2018 1:00 PM",Titans,-3.5,at Bills,39.0,-180,+162,2018,5
"October 7, 2018 1:00 PM",at Panthers,-7.0,Giants,44.5,+251,-284,2018,5
"October 7, 2018 1:00 PM",at Bengals,-6.0,Dolphins,49.5,+223,-251,2018,5
"October 7, 2018 1:00 PM",Ravens,-3.0,at Browns,47.0,-148,+134,2018,5
"October 7, 2018 1:00 PM",Packers,-1.0,at Lions,51.0,-116,+105,2018,5
"October 7, 2018 1:00 PM",at Jets,-1.0,Broncos,42.5,+104,-115,2018,5
"October 7, 2018 1:00 PM",at Steelers,-3.0,Falcons,57.0,+146,-162,2018,5
"October 7, 2018 4:05 PM",at Chargers,-5.5,Raiders,53.5,+210,-235,2018,5
"October 7, 2018 4:25 PM",Rams,-7.0,at Seahawks,51.0,-300,+264,2018,5
"October 7, 2018 4:25 PM",at 49ers,-4.5,Cardinals,41.0,+187,-209,2018,5
"October 7, 2018 4:25 PM",at Eagles,-3.0,Vikings,45.0,+147,-163,2018,5
"October 7, 2018 8:20 PM",at Texans,-3.5,Cowboys,45.5,+149,-165,2018,5
"October 8, 2018 8:15 PM",at Saints,-6.5,Redskins,52.5,+236,-266,2018,5
"September 6, 2018 8:20 PM",at Eagles,-1.0,Falcons,44.5,-104,-106,2018,6
"September 9, 2018 1:00 PM",at Dolphins,-1.0,Titans,43.5,-106,-104,2018,6
"September 9, 2018 1:00 PM",at Vikings,-6.0,49ers,46.5,+230,-259,2018,6
"September 9, 2018 1:00 PM",at Patriots,-6.0,Texans,49.5,+214,-240,2018,6
"September 9, 2018 1:00 PM",at Saints,-10.0,Buccaneers,50.0,+385,-450,2018,6
"September 9, 2018 1:00 PM",Jaguars,-2.5,at Giants,43.0,-141,+127,2018,6
"September 9, 2018 1:00 PM",at Ravens,-7.5,Bills,39.0,+309,-355,2018,6
"September 9, 2018 1:00 PM",Steelers,-3.5,at Browns,41.0,-177,+159,2018,6
"September 9, 2018 1:00 PM",Bengals,-1.0,at Colts,47.5,-105,-105,2018,6
"September 9, 2018 4:05 PM",at Chargers,-3.5,Chiefs,48.0,+161,-179,2018,6
"September 9, 2018 4:25 PM",at Cardinals,-2.0,Redskins,43.5,+125,-138,2018,6
"September 9, 2018 4:25 PM",at Broncos,-3.0,Seahawks,42.5,+159,-176,2018,6
"September 9, 2018 4:25 PM",at Panthers,-2.5,Cowboys,42.5,+147,-162,2018,6
"September 9, 2018 8:20 PM",at Packers,-7.0,Bears,45.0,+249,-282,2018,6
"September 10, 2018 7:10 PM",at Lions,-7.0,Jets,44.0,+281,-320,2018,6
"September 10, 2018 10:20 PM",Rams,-6.5,at Raiders,47.5,-255,+227,2018,6
"September 6, 2018 8:20 PM",at Eagles,-1.0,Falcons,44.5,-104,-106,2018,7
"September 9, 2018 1:00 PM",at Dolphins,-1.0,Titans,43.5,-106,-104,2018,7
"September 9, 2018 1:00 PM",at Vikings,-6.0,49ers,46.5,+230,-259,2018,7
"September 9, 2018 1:00 PM",at Patriots,-6.0,Texans,49.5,+214,-240,2018,7
"September 9, 2018 1:00 PM",at Saints,-10.0,Buccaneers,50.0,+385,-450,2018,7
"September 9, 2018 1:00 PM",Jaguars,-2.5,at Giants,43.0,-141,+127,2018,7
"September 9, 2018 1:00 PM",at Ravens,-7.5,Bills,39.0,+309,-355,2018,7
"September 9, 2018 1:00 PM",Steelers,-3.5,at Browns,41.0,-177,+159,2018,7
"September 9, 2018 1:00 PM",Bengals,-1.0,at Colts,47.5,-105,-105,2018,7
"September 9, 2018 4:05 PM",at Chargers,-3.5,Chiefs,48.0,+161,-179,2018,7
"September 9, 2018 4:25 PM",at Cardinals,-2.0,Redskins,43.5,+125,-138,2018,7
"September 9, 2018 4:25 PM",at Broncos,-3.0,Seahawks,42.5,+159,-176,2018,7
"September 9, 2018 4:25 PM",at Panthers,-2.5,Cowboys,42.5,+147,-162,2018,7
"September 9, 2018 8:20 PM",at Packers,-7.0,Bears,45.0,+249,-282,2018,7
"September 10, 2018 7:10 PM",at Lions,-7.0,Jets,44.0,+281,-320,2018,7
"September 10, 2018 10:20 PM",Rams,-6.5,at Raiders,47.5,-255,+227,2018,7
"September 6, 2018 8:20 PM",at Eagles,-1.0,Falcons,44.5,-104,-106,2018,8
"September 9, 2018 1:00 PM",at Dolphins,-1.0,Titans,43.5,-106,-104,2018,8
"September 9, 2018 1:00 PM",at Vikings,-6.0,49ers,46.5,+230,-259,2018,8
"September 9, 2018 1:00 PM",at Patriots,-6.0,Texans,49.5,+214,-240,2018,8
"September 9, 2018 1:00 PM",at Saints,-10.0,Buccaneers,50.0,+385,-450,2018,8
"September 9, 2018 1:00 PM",Jaguars,-2.5,at Giants,43.0,-141,+127,2018,8
"September 9, 2018 1:00 PM",at Ravens,-7.5,Bills,39.0,+309,-355,2018,8
"September 9, 2018 1:00 PM",Steelers,-3.5,at Browns,41.0,-177,+159,2018,8
"September 9, 2018 1:00 PM",Bengals,-1.0,at Colts,47.5,-105,-105,2018,8
"September 9, 2018 4:05 PM",at Chargers,-3.5,Chiefs,48.0,+161,-179,2018,8
"September 9, 2018 4:25 PM",at Cardinals,-2.0,Redskins,43.5,+125,-138,2018,8
"September 9, 2018 4:25 PM",at Broncos,-3.0,Seahawks,42.5,+159,-176,2018,8
"September 9, 2018 4:25 PM",at Panthers,-2.5,Cowboys,42.5,+147,-162,2018,8
"September 9, 2018 8:20 PM",at Packers,-7.0,Bears,45.0,+249,-282,2018,8
"September 10, 2018 7:10 PM",at Lions,-7.0,Jets,44.0,+281,-320,2018,8
"September 10, 2018 10:20 PM",Rams,-6.5,at Raiders,47.5,-255,+227,2018,8
"September 6, 2018 8:20 PM",at Eagles,-1.0,Falcons,44.5,-104,-106,2018,9
"September 9, 2018 1:00 PM",at Dolphins,-1.0,Titans,43.5,-106,-104,2018,9
"September 9, 2018 1:00 PM",at Vikings,-6.0,49ers,46.5,+230,-259,2018,9
"September 9, 2018 1:00 PM",at Patriots,-6.0,Texans,49.5,+214,-240,2018,9
"September 9, 2018 1:00 PM",at Saints,-10.0,Buccaneers,50.0,+385,-450,2018,9
"September 9, 2018 1:00 PM",Jaguars,-2.5,at Giants,43.0,-141,+127,2018,9
"September 9, 2018 1:00 PM",at Ravens,-7.5,Bills,39.0,+309,-355,2018,9
"September 9, 2018 1:00 PM",Steelers,-3.5,at Browns,41.0,-177,+159,2018,9
"September 9, 2018 1:00 PM",Bengals,-1.0,at Colts,47.5,-105,-105,2018,9
"September 9, 2018 4:05 PM",at Chargers,-3.5,Chiefs,48.0,+161,-179,2018,9
"September 9, 2018 4:25 PM",at Cardinals,-2.0,Redskins,43.5,+125,-138,2018,9
"September 9, 2018 4:25 PM",at Broncos,-3.0,Seahawks,42.5,+159,-176,2018,9
"September 9, 2018 4:25 PM",at Panthers,-2.5,Cowboys,42.5,+147,-162,2018,9
"September 9, 2018 8:20 PM",at Packers,-7.0,Bears,45.0,+249,-282,2018,9
"September 10, 2018 7:10 PM",at Lions,-7.0,Jets,44.0,+281,-320,2018,9
"September 10, 2018 10:20 PM",Rams,-6.5,at Raiders,47.5,-255,+227,2018,9
"September 6, 2018 8:20 PM",at Eagles,-1.0,Falcons,44.5,-104,-106,2018,10
"September 9, 2018 1:00 PM",at Dolphins,-1.0,Titans,43.5,-106,-104,2018,10
"September 9, 2018 1:00 PM",at Vikings,-6.0,49ers,46.5,+230,-259,2018,10
"September 9, 2018 1:00 PM",at Patriots,-6.0,Texans,49.5,+214,-240,2018,10
"September 9, 2018 1:00 PM",at Saints,-10.0,Buccaneers,50.0,+385,-450,2018,10
"September 9, 2018 1:00 PM",Jaguars,-2.5,at Giants,43.0,-141,+127,2018,10
"September 9, 2018 1:00 PM",at Ravens,-7.5,Bills,39.0,+309,-355,2018,10
"September 9, 2018 1:00 PM",Steelers,-3.5,at Browns,41.0,-177,+159,2018,10
"September 9, 2018 1:00 PM",Bengals,-1.0,at Colts,47.5,-105,-105,2018,10
"September 9, 2018 4:05 PM",at Chargers,-3.5,Chiefs,48.0,+161,-179,2018,10
"September 9, 2018 4:25 PM",at Cardinals,-2.0,Redskins,43.5,+125,-138,2018,10
"September 9, 2018 4:25 PM",at Broncos,-3.0,Seahawks,42.5,+159,-176,2018,10
"September 9, 2018 4:25 PM",at Panthers,-2.5,Cowboys,42.5,+147,-162,2018,10
"September 9, 2018 8:20 PM",at Packers,-7.0,Bears,45.0,+249,-282,2018,10
"September 10, 2018 7:10 PM",at Lions,-7.0,Jets,44.0,+281,-320,2018,10
"September 10, 2018 10:20 PM",Rams,-6.5,at Raiders,47.5,-255,+227,2018,10
"September 6, 2018 8:20 PM",at Eagles,-1.0,Falcons,44.5,-104,-106,2018,11
"September 9, 2018 1:00 PM",at Dolphins,-1.0,Titans,43.5,-106,-104,2018,11
"September 9, 2018 1:00 PM",at Vikings,-6.0,49ers,46.5,+230,-259,2018,11
"September 9, 2018 1:00 PM",at Patriots,-6.0,Texans,49.5,+214,-240,2018,11
"September 9, 2018 1:00 PM",at Saints,-10.0,Buccaneers,50.0,+385,-450,2018,11
"September 9, 2018 1:00 PM",Jaguars,-2.5,at Giants,43.0,-141,+127,2018,11
"September 9, 2018 1:00 PM",at Ravens,-7.5,Bills,39.0,+309,-355,2018,11
"September 9, 2018 1:00 PM",Steelers,-3.5,at Browns,41.0,-177,+159,2018,11
"September 9, 2018 1:00 PM",Bengals,-1.0,at Colts,47.5,-105,-105,2018,11
"September 9, 2018 4:05 PM",at Chargers,-3.5,Chiefs,48.0,+161,-179,2018,11
"September 9, 2018 4:25 PM",at Cardinals,-2.0,Redskins,43.5,+125,-138,2018,11
"September 9, 2018 4:25 PM",at Broncos,-3.0,Seahawks,42.5,+159,-176,2018,11
"September 9, 2018 4:25 PM",at Panthers,-2.5,Cowboys,42.5,+147,-162,2018,11
"September 9, 2018 8:20 PM",at Packers,-7.0,Bears,45.0,+249,-282,2018,11
"September 10, 2018 7:10 PM",at Lions,-7.0,Jets,44.0,+281,-320,2018,11
"September 10, 2018 10:20 PM",Rams,-6.5,at Raiders,47.5,-255,+227,2018,11
"September 6, 2018 8:20 PM",at Eagles,-1.0,Falcons,44.5,-104,-106,2018,12
"September 9, 2018 1:00 PM",at Dolphins,-1.0,Titans,43.5,-106,-104,2018,12
"September 9, 2018 1:00 PM",at Vikings,-6.0,49ers,46.5,+230,-259,2018,12
"September 9, 2018 1:00 PM",at Patriots,-6.0,Texans,49.5,+214,-240,2018,12
"September 9, 2018 1:00 PM",at Saints,-10.0,Buccaneers,50.0,+385,-450,2018,12
"September 9, 2018 1:00 PM",Jaguars,-2.5,at Giants,43.0,-141,+127,2018,12
"September 9, 2018 1:00 PM",at Ravens,-7.5,Bills,39.0,+309,-355,2018,12
"September 9, 2018 1:00 PM",Steelers,-3.5,at Browns,41.0,-177,+159,2018,12
"September 9, 2018 1:00 PM",Bengals,-1.0,at Colts,47.5,-105,-105,2018,12
"September 9, 2018 4:05 PM",at Chargers,-3.5,Chiefs,48.0,+161,-179,2018,12
"September 9, 2018 4:25 PM",at Cardinals,-2.0,Redskins,43.5,+125,-138,2018,12
"September 9, 2018 4:25 PM",at Broncos,-3.0,Seahawks,42.5,+159,-176,2018,12
"September 9, 2018 4:25 PM",at Panthers,-2.5,Cowboys,42.5,+147,-162,2018,12
"September 9, 2018 8:20 PM",at Packers,-7.0,Bears,45.0,+249,-282,2018,12
"September 10, 2018 7:10 PM",at Lions,-7.0,Jets,44.0,+281,-320,2018,12
"September 10, 2018 10:20 PM",Rams,-6.5,at Raiders,47.5,-255,+227,2018,12
"September 6, 2018 8:20 PM",at Eagles,-1.0,Falcons,44.5,-104,-106,2018,13
"September 9, 2018 1:00 PM",at Dolphins,-1.0,Titans,43.5,-106,-104,2018,13
"September 9, 2018 1:00 PM",at Vikings,-6.0,49ers,46.5,+230,-259,2018,13
"September 9, 2018 1:00 PM",at Patriots,-6.0,Texans,49.5,+214,-240,2018,13
"September 9, 2018 1:00 PM",at Saints,-10.0,Buccaneers,50.0,+385,-450,2018,13
"September 9, 2018 1:00 PM",Jaguars,-2.5,at Giants,43.0,-141,+127,2018,13
"September 9, 2018 1:00 PM",at Ravens,-7.5,Bills,39.0,+309,-355,2018,13
"September 9, 2018 1:00 PM",Steelers,-3.5,at Browns,41.0,-177,+159,2018,13
"September 9, 2018 1:00 PM",Bengals,-1.0,at Colts,47.5,-105,-105,2018,13
"September 9, 2018 4:05 PM",at Chargers,-3.5,Chiefs,48.0,+161,-179,2018,13
"September 9, 2018 4:25 PM",at Cardinals,-2.0,Redskins,43.5,+125,-138,2018,13
"September 9, 2018 4:25 PM",at Broncos,-3.0,Seahawks,42.5,+159,-176,2018,13
"September 9, 2018 4:25 PM",at Panthers,-2.5,Cowboys,42.5,+147,-162,2018,13
"September 9, 2018 8:20 PM",at Packers,-7.0,Bears,45.0,+249,-282,2018,13
"September 10, 2018 7:10 PM",at Lions,-7.0,Jets,44.0,+281,-320,2018,13
"September 10, 2018 10:20 PM",Rams,-6.5,at Raiders,47.5,-255,+227,2018,13
"September 6, 2018 8:20 PM",at Eagles,-1.0,Falcons,44.5,-104,-106,2018,14
"September 9, 2018 1:00 PM",at Dolphins,-1.0,Titans,43.5,-106,-104,2018,14
"September 9, 2018 1:00 PM",at Vikings,-6.0,49ers,46.5,+230,-259,2018,14
"September 9, 2018 1:00 PM",at Patriots,-6.0,Texans,49.5,+214,-240,2018,14
"September 9, 2018 1:00 PM",at Saints,-10.0,Buccaneers,50.0,+385,-450,2018,14
"September 9, 2018 1:00 PM",Jaguars,-2.5,at Giants,43.0,-141,+127,2018,14
"September 9, 2018 1:00 PM",at Ravens,-7.5,Bills,39.0,+309,-355,2018,14
"September 9, 2018 1:00 PM",Steelers,-3.5,at Browns,41.0,-177,+159,2018,14
"September 9, 2018 1:00 PM",Bengals,-1.0,at Colts,47.5,-105,-105,2018,14
"September 9, 2018 4:05 PM",at Chargers,-3.5,Chiefs,48.0,+161,-179,2018,14
"September 9, 2018 4:25 PM",at Cardinals,-2.0,Redskins,43.5,+125,-138,2018,14
"September 9, 2018 4:25 PM",at Broncos,-3.0,Seahawks,42.5,+159,-176,2018,14
"September 9, 2018 4:25 PM",at Panthers,-2.5,Cowboys,42.5,+147,-162,2018,14
"September 9, 2018 8:20 PM",at Packers,-7.0,Bears,45.0,+249,-282,2018,14
"September 10, 2018 7:10 PM",at Lions,-7.0,Jets,44.0,+281,-320,2018,14
"September 10, 2018 10:20 PM",Rams,-6.5,at Raiders,47.5,-255,+227,2018,14
"September 6, 2018 8:20 PM",at Eagles,-1.0,Falcons,44.5,-104,-106,2018,15
"September 9, 2018 1:00 PM",at Dolphins,-1.0,Titans,43.5,-106,-104,2018,15
"September 9, 2018 1:00 PM",at Vikings,-6.0,49ers,46.5,+230,-259,2018,15
"September 9, 2018 1:00 PM",at Patriots,-6.0,Texans,49.5,+214,-240,2018,15
"September 9, 2018 1:00 PM",at Saints,-10.0,Buccaneers,50.0,+385,-450,2018,15
"September 9, 2018 1:00 PM",Jaguars,-2.5,at Giants,43.0,-141,+127,2018,15
"September 9, 2018 1:00 PM",at Ravens,-7.5,Bills,39.0,+309,-355,2018,15
"September 9, 2018 1:00 PM",Steelers,-3.5,at Browns,41.0,-177,+159,2018,15
"September 9, 2018 1:00 PM",Bengals,-1.0,at Colts,47.5,-105,-105,2018,15
"September 9, 2018 4:05 PM",at Chargers,-3.5,Chiefs,48.0,+161,-179,2018,15
"September 9, 2018 4:25 PM",at Cardinals,-2.0,Redskins,43.5,+125,-138,2018,15
"September 9, 2018 4:25 PM",at Broncos,-3.0,Seahawks,42.5,+159,-176,2018,15
"September 9, 2018 4:25 PM",at Panthers,-2.5,Cowboys,42.5,+147,-162,2018,15
"September 9, 2018 8:20 PM",at Packers,-7.0,Bears,45.0,+249,-282,2018,15
"September 10, 2018 7:10 PM",at Lions,-7.0,Jets,44.0,+281,-320,2018,15
"September 10, 2018 10:20 PM",Rams,-6.5,at Raiders,47.5,-255,+227,2018,15
"September 6, 2018 8:20 PM",at Eagles,-1.0,Falcons,44.5,-104,-106,2018,16
"September 9, 2018 1:00 PM",at Dolphins,-1.0,Titans,43.5,-106,-104,2018,16
"September 9, 2018 1:00 PM",at Vikings,-6.0,49ers,46.5,+230,-259,2018,16
"September 9, 2018 1:00 PM",at Patriots,-6.0,Texans,49.5,+214,-240,2018,16
"September 9, 2018 1:00 PM",at Saints,-10.0,Buccaneers,50.0,+385,-450,2018,16
"September 9, 2018 1:00 PM",Jaguars,-2.5,at Giants,43.0,-141,+127,2018,16
"September 9, 2018 1:00 PM",at Ravens,-7.5,Bills,39.0,+309,-355,2018,16
"September 9, 2018 1:00 PM",Steelers,-3.5,at Browns,41.0,-177,+159,2018,16
"September 9, 2018 1:00 PM",Bengals,-1.0,at Colts,47.5,-105,-105,2018,16
"September 9, 2018 4:05 PM",at Chargers,-3.5,Chiefs,48.0,+161,-179,2018,16
"September 9, 2018 4:25 PM",at Cardinals,-2.0,Redskins,43.5,+125,-138,2018,16
"September 9, 2018 4:25 PM",at Broncos,-3.0,Seahawks,42.5,+159,-176,2018,16
"September 9, 2018 4:25 PM",at Panthers,-2.5,Cowboys,42.5,+147,-162,2018,16
"September 9, 2018 8:20 PM",at Packers,-7.0,Bears,45.0,+249,-282,2018,16
"September 10, 2018 7:10 PM",at Lions,-7.0,Jets,44.0,+281,-320,2018,16
"September 10, 2018 10:20 PM",Rams,-6.5,at Raiders,47.5,-255,+227,2018,16
"September 6, 2018 8:20 PM",at Eagles,-1.0,Falcons,44.5,-104,-106,2018,17
"September 9, 2018 1:00 PM",at Dolphins,-1.0,Titans,43.5,-106,-104,2018,17
"September 9, 2018 1:00 PM",at Vikings,-6.0,49ers,46.5,+230,-259,2018,17
"September 9, 2018 1:00 PM",at Patriots,-6.0,Texans,49.5,+214,-240,2018,17
"September 9, 2018 1:00 PM",at Saints,-10.0,Buccaneers,50.0,+385,-450,2018,17
"September 9, 2018 1:00 PM",Jaguars,-2.5,at Giants,43.0,-141,+127,2018,17
"September 9, 2018 1:00 PM",at Ravens,-7.5,Bills,39.0,+309,-355,2018,17
"September 9, 2018 1:00 PM",Steelers,-3.5,at Browns,41.0,-177,+159,2018,17
"September 9, 2018 1:00 PM",Bengals,-1.0,at Colts,47.5,-105,-105,2018,17
"September 9, 2018 4:05 PM",at Chargers,-3.5,Chiefs,48.0,+161,-179,2018,17
"September 9, 2018 4:25 PM",at Cardinals,-2.0,Redskins,43.5,+125,-138,2018,17
"September 9, 2018 4:25 PM",at Broncos,-3.0,Seahawks,42.5,+159,-176,2018,17
"September 9, 2018 4:25 PM",at Panthers,-2.5,Cowboys,42.5,+147,-162,2018,17
"September 9, 2018 8:20 PM",at Packers,-7.0,Bears,45.0,+249,-282,2018,17
"September 10, 2018 7:10 PM",at Lions,-7.0,Jets,44.0,+281,-320,2018,17
"September 10, 2018 10:20 PM",Rams,-6.5,at Raiders,47.5,-255,+227,2018,17
